customer_id,first_name,last_name,dob_raw,email,phone
CUST001,Donald,Moreno,10-04-1998,wardvanessa@gmail.com,909.588.4786x7867
CUST002,Laura,Jones,30-12-2001,bradleywright@hotmail.com,630.479.0334
CUST003,Alan,Meyers,20-07-1944,fordjennifer@gmail.com,001-561-883-3308
CUST004,Kelly,Taylor,19-01-1954,richard46@yahoo.com,001-498-885-9983x22239
CUST005,Jason,Scott,01-05-1959,willie26@yahoo.com,001-369-370-9521x347
CUST006,Danielle,Cardenas,22-08-1973,wujenna@hotmail.com,001-239-614-9936x78173
CUST007,Wendy,Harrington,04-09-1990,burtonbrittany@hotmail.com,+1-259-592-7534
CUST008,Katie,Smith,23-12-2003,xrodriguez@yahoo.com,(760)643-5720
CUST009,Jennifer,Brooks,05-08-1970,jamesodom@hotmail.com,748.552.1202
CUST010,Laura,Thomas,10-04-1986,barbaradominguez@hotmail.com,(963)259-1930x39712
CUST011,John,Gutierrez,20-02-1977,fuentesjoanna@hotmail.com,+1-966-565-7066
CUST012,Christina,Kidd,17-10-1968,curryscott@hotmail.com,001-914-679-9763
CUST013,Denise,Taylor,20-04-2000,schmittjessica@gmail.com,001-523-215-4351x9488
CUST014,Cory,Hall,19-05-1940,aclarke@hotmail.com,001-310-888-3146x52097
CUST015,Michael,Combs,10-04-1959,douglasrodgers@gmail.com,646-565-3506x9513
CUST016,Scott,Harris,18-07-1945,seth21@yahoo.com,9766455346
CUST017,Maria,Randolph,12-12-1942,vmartin@hotmail.com,(319)497-5685x403
CUST018,Sarah,Lopez,09-07-1970,sarahrubio@yahoo.com,+1-627-941-4081x354
CUST019,Anthony,Wilson,05-04-1970,bryanjohnson@hotmail.com,+1-343-386-4702x1644
CUST020,Paul,Randolph,09-08-1989,jnelson@hotmail.com,455-252-5562
CUST021,Jeffrey,Lewis,10-07-1966,daniellewong@gmail.com,491-538-2805x97034
CUST022,Jasmine,Nelson,03-08-1980,frankbradley@gmail.com,4274894739
CUST023,William,Powell,04-01-1958,kmann@gmail.com,592.285.4889x704
CUST024,Katelyn,Norris,15-02-1961,abigail98@yahoo.com,001-888-900-5267x856
CUST025,Jeremy,Lopez,16-02-2001,margaret08@gmail.com,674.693.5466x3594
CUST026,Michael,Smith,31-12-1965,rhonda24@hotmail.com,+1-904-490-6451x610
CUST027,Jennifer,Smith,05-09-2006,derrickcooper@gmail.com,995.732.0286x8778
CUST028,Taylor,Thomas,29-07-1949,annashepard@gmail.com,(630)398-5080
CUST029,Randy,Harrison,28-03-1987,robinsonmark@gmail.com,(571)731-1206x8880
CUST030,Joshua,James,08-02-2000,brownstacy@gmail.com,855-688-3450x033
CUST031,Robert,Aguilar,15-04-1968,smiththeresa@hotmail.com,538.504.9699x423
CUST032,Kelly,Scott,20-06-1940,huangemily@gmail.com,713-673-8260x553
CUST033,Gregory,Miller,22-03-1981,ashleyeaton@gmail.com,610.922.5117
CUST034,Edward,King,19-05-1956,umitchell@yahoo.com,001-538-441-4118x55816
CUST035,Eric,Lopez,26-06-1972,christopher54@hotmail.com,(275)238-8293x1138
CUST036,Derek,Wallace,28-09-1941,alvarezlarry@yahoo.com,001-246-927-0640x289
CUST037,Robert,Griffith,06-12-1965,fdaniels@yahoo.com,682-306-8942x887
CUST038,Diana,Daniels,27-08-2001,jonessarah@yahoo.com,+1-878-441-1639x02362
CUST039,Renee,Garcia,30-08-1959,diazgeorge@gmail.com,4485253732
CUST040,Philip,Humphrey,15-01-1995,kevin11@hotmail.com,+1-215-662-7351x119
CUST041,David,Cohen,16-07-2002,yrichardson@gmail.com,830.403.5942
CUST042,Shannon,Cole,23-05-1959,kennethturner@hotmail.com,500.231.0946
CUST043,Kelly,Evans,28-06-1968,bryannewton@yahoo.com,(653)568-0609
CUST044,Shaun,Patterson,08-11-1986,mwarren@hotmail.com,(343)880-7671x14929
CUST045,Kathleen,Peterson,26-01-2001,helenkennedy@yahoo.com,8005853760
CUST046,Ronald,Joseph,19-11-1965,christopher71@hotmail.com,974.526.6021
CUST047,Jose,Williams,26-04-1977,webbmark@hotmail.com,001-728-548-3241x11315
CUST048,Mary,Fox,17-05-1940,warnerjackie@yahoo.com,733.392.1500x48280
CUST049,Cameron,Lucas,08-03-1976,lawrence74@hotmail.com,001-458-492-0521x205
CUST050,John,Brown,29-06-1966,muellerandrew@gmail.com,(830)501-4776x5941
CUST051,Matthew,Russell,07-01-1965,johnanderson@gmail.com,+1-437-757-9231x718
CUST052,Jennifer,Richardson,20-09-1943,mmcneil@hotmail.com,(264)911-2628x95321
CUST053,Cassie,Scott,24-10-1947,scaldwell@gmail.com,942.402.9129
CUST054,Don,Holt,22-01-2006,millerregina@gmail.com,420.773.1810
CUST055,John,Torres,28-10-2003,heather46@gmail.com,702.661.1182x2353
CUST056,Kayla,Cherry,04-06-1963,christianolson@gmail.com,(971)761-1735
CUST057,Luke,Montgomery,20-10-1952,tina95@yahoo.com,460.670.8868
CUST058,Tracy,Oneal,26-12-1967,cathybishop@gmail.com,001-870-320-7828x114
CUST059,Valerie,Hernandez,31-12-1995,jamesmatthews@yahoo.com,761-884-8039x4593
CUST060,Kimberly,Sosa,14-12-1972,jaclynpope@yahoo.com,555.371.0623
CUST061,Jessica,Ellis,20-08-1943,matthew61@yahoo.com,(285)324-7571
CUST062,Cheryl,Taylor,25-08-1970,debra63@yahoo.com,747-502-6043
CUST063,Joan,Horton,04-10-1975,tfoster@yahoo.com,+1-939-402-2704x031
CUST064,Matthew,Potter,26-07-1953,nguyenthomas@gmail.com,8935161992
CUST065,Charles,Edwards,29-08-1982,david89@gmail.com,7724189318
CUST066,Jim,Perez,25-02-1941,michellemora@gmail.com,(930)226-5391x6903
CUST067,Tracey,Woods,04-01-1989,moodywilliam@yahoo.com,001-435-268-7140
CUST068,Elizabeth,Logan,25-01-1983,wthompson@yahoo.com,001-801-897-5822
CUST069,Sean,Martinez,22-08-1953,hwhitaker@gmail.com,312-929-5649x345
CUST070,Jennifer,Gregory,12-04-1989,gordondanielle@yahoo.com,754-807-6381
CUST071,Robin,Rosales,15-08-1999,lmora@gmail.com,374-358-0042x5448
CUST072,Benjamin,Stewart,05-09-1971,huertajaime@yahoo.com,(736)934-7279x0133
CUST073,Amanda,Farrell,18-11-1984,robinsondavid@hotmail.com,543-251-6071x04160
CUST074,Nicole,Scott,09-10-1979,charles66@hotmail.com,232.416.6351
CUST075,Allison,Burch,18-04-1948,jacobdaniels@yahoo.com,(671)982-1575x1198
CUST076,Cynthia,Cain,24-10-1981,adam09@yahoo.com,001-928-711-3218x0030
CUST077,Kathy,Wall,17-04-1983,tammyharvey@hotmail.com,605.760.0926x06287
CUST078,Robin,Haney,27-04-2004,chudson@gmail.com,+1-591-969-0737x50126
CUST079,Michael,Simmons,20-06-1965,barbara64@yahoo.com,001-692-840-8626
CUST080,Michael,Brown,28-04-1980,knelson@hotmail.com,306-621-3644x552
CUST081,Patricia,Mckay,17-11-1945,luis24@yahoo.com,300-806-1847x137
CUST082,Christian,Briggs,01-02-2004,brownjames@hotmail.com,7815532621
CUST083,Jacob,Haas,18-06-1941,brianprice@hotmail.com,001-358-392-6447x0608
CUST084,Jason,Aguilar,28-05-1966,mhuynh@hotmail.com,+1-494-904-8561x0655
CUST085,Eric,Woodward,13-03-1970,hunter87@hotmail.com,+1-880-813-6129x862
CUST086,Eric,Dennis,10-03-1956,keithrussell@gmail.com,+1-533-653-5235
CUST087,Amanda,Waller,03-06-1991,hawkinspeter@yahoo.com,502.265.4693
CUST088,Samantha,Beck,29-11-2003,bradmerritt@gmail.com,904.728.1673x088
CUST089,Isaac,Wilson,07-12-1990,angelaramsey@hotmail.com,264.627.0164x086
CUST090,Brittany,Cunningham,09-03-1984,michellewade@hotmail.com,421-768-5027
CUST091,Adam,Ward,31-07-1996,monica31@yahoo.com,(793)270-4887x24899
CUST092,Justin,Hunt,11-05-1941,andrewsweeney@hotmail.com,+1-858-922-7915x3629
CUST093,Aaron,Keith,04-11-1973,mathewsjennifer@yahoo.com,617-217-3268x3489
CUST094,Ryan,Wright,18-04-1990,kevinholmes@hotmail.com,265.464.4253
CUST095,Meagan,Herrera,22-12-1955,charleswilson@hotmail.com,897.935.2435
CUST096,Joshua,Johnson,25-07-1984,paula89@yahoo.com,001-477-491-6175x58419
CUST097,Justin,Atkins,23-07-1949,edwardrowe@yahoo.com,+1-210-867-1901x916
CUST098,Robin,Lucas,14-08-1950,gordontiffany@hotmail.com,557.265.2701x0204
CUST099,Kristen,Johnston,21-06-1970,ehall@yahoo.com,(602)824-5532x618
CUST100,Kimberly,Atkinson,11-07-1997,qross@yahoo.com,001-523-343-1610x1986
CUST101,Sarah,Cox,12-11-1955,irojas@hotmail.com,001-507-467-2748x077
CUST102,Kimberly,Knight,26-08-1943,ojohnson@gmail.com,(674)716-7767x437
CUST103,Dustin,Crawford,19-09-1976,slewis@gmail.com,(200)203-3000
CUST104,Vincent,Oconnell,08-06-1999,michellebooth@gmail.com,626-567-7491x13490
CUST105,Logan,Campbell,02-09-1968,qcortez@yahoo.com,621.271.0775x4166
CUST106,Dominic,Smith,16-01-2006,jcruz@hotmail.com,+1-644-920-1347x459
CUST107,Brian,Bell,23-03-1970,smarquez@yahoo.com,(968)780-1044x31519
CUST108,Deborah,Chapman,03-11-1985,yangcurtis@yahoo.com,857-207-8169
CUST109,Andre,Macias,05-07-1991,laura49@gmail.com,731-695-0742x79438
CUST110,Stacey,Gibson,08-04-1967,leonard29@hotmail.com,(463)743-4958x767
CUST111,Mary,Hansen,15-03-2000,zfoster@yahoo.com,(237)856-8970
CUST112,William,Williams,07-05-1944,annperry@yahoo.com,001-823-912-0232x7920
CUST113,Jack,Castaneda,17-07-2005,mccoycarl@hotmail.com,+1-577-971-3458x270
CUST114,Charles,Cooper,22-08-2001,jessica11@gmail.com,3332582341
CUST115,Brian,Cochran,03-06-1973,judy27@hotmail.com,(503)375-1119
CUST116,Jessica,Wells,15-04-1974,osalazar@gmail.com,292.477.3285x86571
CUST117,Andrea,Stanton,28-12-1945,dallison@yahoo.com,(862)403-1125
CUST118,Stephanie,White,11-03-1996,lstephens@hotmail.com,+1-218-317-5958x753
CUST119,Christopher,Edwards,19-12-1945,ginahale@hotmail.com,393.899.9940x422
CUST120,Matthew,Goodwin,09-12-1969,heatherjohnson@gmail.com,001-304-750-8406x478
CUST121,Carrie,Medina,24-05-1953,whitelaura@gmail.com,001-450-964-6335
CUST122,Laura,Gonzalez,26-06-1955,melissacruz@hotmail.com,479.724.2324x81874
CUST123,Tyler,Khan,21-06-1958,villanuevakathryn@gmail.com,5843286454
CUST124,Angela,Humphrey,08-04-2008,carmensloan@gmail.com,+1-233-249-1779x3349
CUST125,Todd,Jones,10-07-1999,frankpeterson@gmail.com,475-465-1292
CUST126,Sheri,Ayala,20-09-2004,david59@hotmail.com,001-272-625-7267x548
CUST127,Ariana,Lindsey,19-02-2007,villakim@yahoo.com,596.261.3343
CUST128,Abigail,Davis,08-10-2005,deanna97@yahoo.com,9662445040
CUST129,Courtney,Perez,09-01-2006,heatherchurch@yahoo.com,757-461-7428x51721
CUST130,Becky,Evans,17-01-1990,christopher34@yahoo.com,001-556-752-7973
CUST131,Amy,Hardy,05-02-1981,timothydalton@gmail.com,434-261-7958
CUST132,Alexandra,Parker,03-11-2007,davieseric@gmail.com,(940)239-2672x721
CUST133,Katie,Webb,20-08-2005,andrewtucker@yahoo.com,001-659-447-2078x4081
CUST134,Amber,Roman,11-02-1984,michaelrodriguez@hotmail.com,791.838.8300x451
CUST135,Matthew,Oconnor,16-07-1967,cantutracy@hotmail.com,001-724-445-7703x575
CUST136,Emily,Mosley,04-09-1953,kevinosborne@gmail.com,(530)857-0486x0461
CUST137,Erin,Sanchez,08-07-1945,contrerasrobert@gmail.com,(317)790-5280x776
CUST138,Natasha,Kennedy,15-01-1960,fmay@yahoo.com,928.270.8396x1224
CUST139,Andrew,Sanchez,16-12-2000,uromero@yahoo.com,+1-814-427-0473x3779
CUST140,Howard,Perez,10-06-1965,ian50@gmail.com,355.952.8688
CUST141,Anthony,Cooke,30-05-1949,julia83@hotmail.com,288-820-9011x0501
CUST142,Jennifer,Costa,13-01-2000,hdawson@gmail.com,885.674.9131x78117
CUST143,Jason,Jimenez,12-08-1952,anthonygreen@gmail.com,315.840.3991
CUST144,Kelsey,Ortiz,02-05-1963,christopher20@hotmail.com,765.988.1597x434
CUST145,Adam,Vargas,02-06-2003,dianacruz@yahoo.com,+1-400-475-4381x502
CUST146,Cindy,Clayton,15-03-1972,astone@gmail.com,847-908-1633
CUST147,Jennifer,Aguilar,17-10-1955,delgadocole@gmail.com,+1-949-867-8029x4197
CUST148,Daniel,Turner,04-01-1965,deborahdodson@yahoo.com,639-333-0464
CUST149,Barbara,Long,20-08-1941,lpetersen@yahoo.com,(643)729-6724x85677
CUST150,Wayne,Butler,21-12-1953,brian26@yahoo.com,357.766.8002
CUST151,William,Bond,29-06-1978,ifarmer@hotmail.com,001-690-639-4928x21222
CUST152,Nicole,Williams,01-09-1985,lauragross@hotmail.com,(960)204-1684x6235
CUST153,Randall,Dawson,19-03-1979,kevin60@yahoo.com,+1-677-524-7666x879
CUST154,Denise,Mccoy,24-08-1978,kathymacias@hotmail.com,621-742-2424x20333
CUST155,Whitney,Thomas,04-11-1960,susan68@gmail.com,862-380-3015
CUST156,Joseph,Watson,06-06-1978,gperez@yahoo.com,(521)403-9064x7371
CUST157,Travis,Nunez,28-03-1972,melvin12@yahoo.com,854-337-9027x39823
CUST158,Matthew,Hull,11-10-1981,cpalmer@hotmail.com,813.554.6412x56999
CUST159,Kimberly,Schroeder,07-01-1996,geraldmiller@yahoo.com,613-513-7524x86777
CUST160,Maureen,Barrera,27-10-1998,wbright@yahoo.com,(549)683-7365x7375
CUST161,Jeffrey,Hall,03-07-1942,nlarson@gmail.com,+1-697-549-4289x63081
CUST162,Nicholas,Moses,18-08-1987,daltonwade@hotmail.com,470-280-3839x0970
CUST163,Jamie,Pollard,17-05-1964,smithjoshua@gmail.com,+1-470-360-4762x717
CUST164,Robert,Sullivan,14-03-1985,danieljordan@yahoo.com,(786)755-2136x9857
CUST165,Gary,Vega,23-10-2002,rperez@hotmail.com,830.914.8864x8451
CUST166,Jack,Hall,12-04-1979,serickson@hotmail.com,633-339-3942x60358
CUST167,John,Sullivan,28-03-1992,morrisjoseph@hotmail.com,(384)689-2613x4350
CUST168,Samuel,Dixon,09-07-1961,sanchezalexandra@gmail.com,(938)472-2802x1445
CUST169,George,Clark,23-10-1940,lperry@yahoo.com,(865)634-2881x8095
CUST170,Chelsey,Chang,26-10-2000,summerschristopher@hotmail.com,811-752-1847x86424
CUST171,Kevin,Rojas,31-08-2004,scott26@gmail.com,001-426-761-7292
CUST172,John,Arnold,06-03-2006,petersonnicholas@hotmail.com,512-245-6208
CUST173,Stephen,Wright,22-08-1941,jennifertaylor@gmail.com,(246)277-7713x7002
CUST174,Stefanie,Robbins,16-07-1994,xmendez@hotmail.com,001-239-745-9029
CUST175,Michele,Wagner,10-07-1996,loveangela@gmail.com,(980)354-9823
CUST176,Robert,Parrish,04-09-1960,kristi43@yahoo.com,(991)369-8886
CUST177,Sarah,Flores,30-03-1984,christopher46@yahoo.com,001-338-597-0564x733
CUST178,David,Sandoval,13-07-2002,anthony41@yahoo.com,3953027465
CUST179,Wendy,Knight,06-08-1975,mendozadeborah@gmail.com,9637735267
CUST180,Maria,Solis,08-03-2004,pdodson@hotmail.com,+1-640-370-8429
CUST181,Brandi,Johnson,06-10-1947,gbartlett@yahoo.com,7186432995
CUST182,Emily,Moore,09-05-1985,gabrieltodd@yahoo.com,(599)855-6492x457
CUST183,Allison,Smith,10-09-1976,pauljohnson@yahoo.com,(981)440-6450x982
CUST184,Cody,Lopez,10-04-1964,brownsteve@yahoo.com,3062856194
CUST185,Christopher,Fletcher,19-05-2007,xrodriguez@gmail.com,627-268-7172x6407
CUST186,Carl,Walls,10-12-1992,edward32@yahoo.com,(543)731-8751
CUST187,Stacie,Dawson,16-05-1978,tammy08@gmail.com,001-299-598-6026x09810
CUST188,Teresa,Watson,12-12-2003,jsmith@hotmail.com,(966)213-5988x3678
CUST189,Tanner,White,11-03-1994,kathleenhumphrey@gmail.com,744-516-1090
CUST190,Heather,Weiss,07-06-1970,paulawashington@hotmail.com,001-694-901-7246
CUST191,Matthew,Williams,17-05-1959,erichansen@gmail.com,(543)612-4213x52082
CUST192,Matthew,Atkins,28-11-1991,taylor06@gmail.com,683.408.4071
CUST193,Jessica,Baldwin,07-07-1971,maygregory@yahoo.com,958.601.6188
CUST194,Hector,Flynn,21-04-1988,sarah40@gmail.com,964.931.3255x65597
CUST195,Susan,Moreno,08-03-1948,sanchezstephanie@yahoo.com,487.897.0641x6367
CUST196,Rita,Bauer,22-05-1973,wpeterson@yahoo.com,+1-383-263-6123x585
CUST197,Diane,Barron,23-06-1984,sanderstony@hotmail.com,7003372965
CUST198,Michelle,Parker,01-12-1948,qbrown@gmail.com,(488)954-4737
CUST199,Danny,Ewing,12-02-1980,samanthahall@yahoo.com,001-983-215-6653x054
CUST200,Cody,Bailey,11-07-1982,cheryl11@yahoo.com,+1-388-924-0512
CUST201,Danielle,Johnson,18-04-1949,dansmith@hotmail.com,4616752917
CUST202,Tiffany,Smith,24-04-1978,maryanderson@yahoo.com,928.580.3522
CUST203,Erica,Brown,02-01-1985,lisa64@hotmail.com,(470)277-3212x5904
CUST204,Devon,Flores,25-10-1940,alexandrabutler@hotmail.com,2657999929
CUST205,Jason,Wood,24-11-1985,rachel80@gmail.com,576.814.3737x396
CUST206,Pamela,Brown,16-11-1978,craig04@yahoo.com,001-349-878-9798x37740
CUST207,Arthur,Lucas,05-03-1981,gardnerdalton@hotmail.com,643-385-0478x9037
CUST208,Amanda,Dennis,08-12-1942,deborahraymond@hotmail.com,001-570-665-4063x46172
CUST209,Timothy,Boyd,13-04-1994,gallaghernicole@gmail.com,(524)374-3533
CUST210,Brittney,Garza,29-11-1964,kmoore@hotmail.com,959.322.7082x36788
CUST211,Andrea,Wagner,15-09-1978,michael22@hotmail.com,001-539-344-2133x477
CUST212,Stephanie,Walker,17-03-1968,cburnett@gmail.com,(217)353-2796x321
CUST213,Hannah,Kennedy,09-02-1989,roysmith@gmail.com,+1-622-778-7425x046
CUST214,Denise,Russell,09-12-1984,tyler12@hotmail.com,428-732-5471x659
CUST215,Michelle,Garcia,22-11-1962,udawson@hotmail.com,8985369968
CUST216,Robert,Morgan,17-09-1948,frenchemma@hotmail.com,4975256624
CUST217,Kenneth,Kane,26-05-1983,vicki87@hotmail.com,754-826-8622x6487
CUST218,Lucas,Richards,15-07-1989,scottstacy@hotmail.com,+1-373-683-9119x43345
CUST219,Kayla,Murphy,13-12-1965,beckermatthew@gmail.com,602.561.0111
CUST220,Janet,Bond,10-01-2000,nhunt@gmail.com,(327)315-3183x653
CUST221,Caitlyn,Phillips,20-07-1949,combscynthia@yahoo.com,001-413-748-1117x756
CUST222,Kayla,Cannon,23-10-1966,warren74@yahoo.com,791.467.4692x8432
CUST223,Kaylee,Ward,02-04-1977,paul15@hotmail.com,657-388-7690x2578
CUST224,Christopher,Barnes,29-03-1996,vholmes@hotmail.com,861.229.2544x127
CUST225,Emma,Anthony,02-05-1950,smithjames@gmail.com,475.949.7248x1504
CUST226,Angel,Quinn,24-01-1961,matthew25@gmail.com,+1-579-505-2235
CUST227,William,Knight,18-11-2000,munozandrew@gmail.com,755.694.7169x0023
CUST228,Claudia,Wright,28-10-1954,colemancandice@gmail.com,(473)960-3058x641
CUST229,Katelyn,Henderson,30-10-1957,thompsonjennifer@hotmail.com,001-575-456-8858x6084
CUST230,Chase,Powell,30-06-1955,wrightchad@gmail.com,(996)985-1093
CUST231,Alexander,Martinez,15-09-1995,itodd@gmail.com,+1-420-907-2268x184
CUST232,Jose,Castro,30-10-1988,sean17@gmail.com,367-721-1076x5947
CUST233,Michael,Harvey,11-05-1940,yolandahicks@yahoo.com,+1-595-345-6340x410
CUST234,Christina,Vasquez,16-09-1963,fmartin@hotmail.com,629.306.8963x35048
CUST235,Amber,Woods,16-09-1995,owensmathew@hotmail.com,293-450-7859
CUST236,Jamie,Ball,20-06-1955,cbryant@hotmail.com,001-351-243-9821
CUST237,Jeffrey,Davis,26-01-1985,tmartinez@yahoo.com,9752440275
CUST238,Richard,Thomas,31-07-1986,suzanne26@hotmail.com,558.489.2416
CUST239,Melissa,Wright,26-05-1984,ohernandez@gmail.com,253-789-1721x26552
CUST240,Emily,Hicks,11-03-1957,ramseycory@yahoo.com,(669)621-0303x97917
CUST241,Amanda,Jones,01-04-2004,crystal77@yahoo.com,218-907-5583
CUST242,Timothy,Gonzales,26-09-1974,daniellelewis@hotmail.com,213.928.0274x43525
CUST243,Rebecca,Chapman,07-08-1974,michelle12@yahoo.com,9932858509
CUST244,Donna,Long,25-03-1966,karen89@yahoo.com,+1-856-381-1265x672
CUST245,Heather,Hamilton,18-08-1987,ytaylor@gmail.com,5103856289
CUST246,Danielle,Munoz,14-12-1947,cgomez@gmail.com,001-800-400-4742
CUST247,William,Cox,03-03-1971,woliver@yahoo.com,001-730-908-9360
CUST248,Robin,Perkins,22-09-1960,hvillanueva@yahoo.com,373.921.4055x174
CUST249,Alexandra,Davis,13-07-1948,btorres@gmail.com,315-416-0736
CUST250,Sonya,Kramer,07-07-1972,shawnadeleon@yahoo.com,(897)987-2129x50275
CUST251,James,Hayes,19-12-1940,tracyhill@gmail.com,663-350-1534
CUST252,Anthony,Suarez,02-09-1962,bshea@gmail.com,275-951-8747
CUST253,Carol,Pena,10-03-2007,wolfmelinda@gmail.com,001-888-313-4941x5141
CUST254,Connie,Atkins,02-09-1961,kristanguyen@hotmail.com,+1-224-815-8526x93474
CUST255,Aaron,Cox,02-04-1954,juliekoch@yahoo.com,449-945-9773x871
CUST256,Kim,Welch,09-09-1975,stricklandsandra@yahoo.com,+1-622-328-8431
CUST257,Phillip,Nelson,10-04-1981,enewton@yahoo.com,+1-313-923-3634x52495
CUST258,Diana,Daniels,29-03-1976,kathryn66@hotmail.com,(384)959-5718x3652
CUST259,Michelle,Gamble,11-11-2001,jordanterry@gmail.com,(633)616-4310x56443
CUST260,Dennis,Anderson,07-02-1990,ggarcia@gmail.com,001-838-670-3461
CUST261,Adam,Garrett,20-07-1972,xlopez@yahoo.com,8869818870
CUST262,Morgan,Barber,02-04-1947,christine98@hotmail.com,524.959.4957
CUST263,Alex,Zhang,17-09-2005,davistodd@yahoo.com,377-844-7987x5284
CUST264,Eddie,King,11-04-1988,aeaton@hotmail.com,+1-428-822-6966x487
CUST265,Carolyn,Murray,27-02-1973,riley68@gmail.com,001-407-942-7388x901
CUST266,Jeffrey,Thomas,23-08-1975,tmunoz@yahoo.com,(223)814-0770
CUST267,Steven,Walsh,03-02-1963,robinsonsamantha@hotmail.com,(200)932-1254x81035
CUST268,Jason,Kelly,05-01-2004,duranerika@gmail.com,487.587.3935x07262
CUST269,William,Hunt,04-05-1972,linda28@yahoo.com,881-843-4449
CUST270,Heather,Gray,11-11-1979,dsingleton@yahoo.com,(850)557-3044x5882
CUST271,Jacob,Arias,22-03-1983,anthonysloan@hotmail.com,6746324077
CUST272,Lindsey,James,02-04-1941,mstanton@yahoo.com,488.525.5235x7685
CUST273,Sheri,Mills,10-02-1946,jjones@hotmail.com,(758)717-3098
CUST274,Kristina,Lewis,12-11-1957,npacheco@gmail.com,(373)798-9899x21828
CUST275,Michael,Jones,08-12-2005,ajohns@yahoo.com,(803)764-5059x6073
CUST276,Alexander,Arroyo,06-05-2002,wrichards@hotmail.com,841.539.6234x500
CUST277,Mark,Love,18-08-1999,xcarpenter@yahoo.com,9007397383
CUST278,Cassidy,Young,27-08-1976,wadepamela@hotmail.com,746-489-7634x7660
CUST279,Valerie,Campos,16-10-1966,rlozano@gmail.com,001-438-648-6038
CUST280,Julie,Reid,03-06-2004,amandajackson@yahoo.com,210.552.1338x92460
CUST281,Eric,Chavez,30-12-1963,burkerichard@gmail.com,(887)603-4561
CUST282,Brenda,Taylor,19-09-2005,eddieestes@yahoo.com,(239)881-7020
CUST283,Melissa,Little,22-02-1983,christinebuck@hotmail.com,+1-645-799-5334x281
CUST284,Matthew,Williams,22-12-1975,carrmaria@yahoo.com,001-886-747-2564x6622
CUST285,Michael,Rogers,19-02-1941,amanda04@gmail.com,001-315-871-1389x903
CUST286,Michael,Owens,18-07-1966,marcussmith@gmail.com,2064384372
CUST287,Billy,Wilson,01-09-1967,annemoore@yahoo.com,(621)275-7063x501
CUST288,Maureen,Scott,06-04-1992,michaelvelez@gmail.com,815.338.3103x0315
CUST289,Kathleen,Hayes,30-09-2000,james42@gmail.com,001-799-634-4870x02544
CUST290,Courtney,Bauer,12-12-2004,connielambert@yahoo.com,001-708-837-5851
CUST291,Amy,Hernandez,26-01-2000,payneholly@gmail.com,8889251509
CUST292,Samuel,Bender,26-04-1942,jennifer08@gmail.com,591.429.2475x963
CUST293,Jeffrey,Hicks,12-01-1990,brownjessica@hotmail.com,351-662-9917
CUST294,Amy,Peterson,27-06-2007,thompsoncourtney@yahoo.com,571-944-0290x27073
CUST295,Sherry,Smith,30-07-1966,mwilliams@hotmail.com,+1-762-869-5883x0148
CUST296,Hector,Boone,13-04-2007,fitzpatricktara@hotmail.com,(255)439-3573x4361
CUST297,Cynthia,Barnes,06-10-1985,lori72@hotmail.com,211.501.8768x4764
CUST298,Jennifer,Weaver,22-05-1995,kimberlyhenderson@yahoo.com,+1-600-341-1683x8070
CUST299,Kimberly,Reyes,28-06-1974,ewhite@gmail.com,512.237.8686x10426
CUST300,Christine,Reese,20-06-1985,laura44@gmail.com,+1-574-564-2559x66109
CUST301,Jeremiah,Hartman,20-01-1977,andrewwhite@yahoo.com,569.597.8931
CUST302,Crystal,Evans,03-11-2002,conradmichael@gmail.com,(541)740-8753x7723
CUST303,David,Marquez,04-02-1994,eric61@gmail.com,2046823274
CUST304,Christina,Hall,29-11-1946,doylelindsey@hotmail.com,649-853-8337
CUST305,Timothy,Edwards,30-08-1981,awells@gmail.com,289.557.8664x7680
CUST306,Richard,Mercer,08-07-1987,nspence@gmail.com,7132735910
CUST307,Melissa,Hughes,04-03-1943,taylor65@yahoo.com,840.269.3652x927
CUST308,Eric,Garcia,30-11-1981,rileyhelen@hotmail.com,689-614-7607
CUST309,Gina,Lewis,01-09-2000,lorirhodes@yahoo.com,630-421-8172x88372
CUST310,Kenneth,Johnson,29-02-1968,emcmahon@gmail.com,(708)717-0312x36956
CUST311,Beth,Aguilar,08-06-1997,thomashernandez@hotmail.com,543.520.4493x962
CUST312,Dawn,Buckley,26-05-2007,fordtracy@hotmail.com,(510)226-7156x77273
CUST313,Sandra,Barnes,25-07-1950,sandra45@yahoo.com,7172037946
CUST314,Carl,Glass,29-12-1943,smunoz@hotmail.com,(841)522-0245x7845
CUST315,Holly,Ross,13-03-2004,xsmith@yahoo.com,+1-726-242-4818x5846
CUST316,Cynthia,Gardner,06-09-1977,amyvargas@yahoo.com,001-302-639-1324
CUST317,Robert,Simpson,15-09-1973,eddie18@hotmail.com,683.533.4728
CUST318,Michael,Diaz,19-12-1960,mitchelljason@yahoo.com,(223)744-0199
CUST319,Kayla,Lin,26-08-1946,shafferapril@gmail.com,(794)892-6880
CUST320,Heather,Peterson,16-03-1988,wjensen@yahoo.com,001-998-569-5702
CUST321,Tanya,Moore,01-05-1944,tmartin@yahoo.com,544-986-8612x36852
CUST322,Juan,Santos,03-01-1960,mendezjeff@yahoo.com,(575)718-0296x6837
CUST323,Ricky,Browning,22-09-1982,jason73@hotmail.com,+1-753-338-8362
CUST324,Rebecca,Brown,15-01-1947,kelly27@gmail.com,404.409.0519x565
CUST325,Kyle,Foster,27-04-1974,gabriela68@yahoo.com,+1-706-598-4154x969
CUST326,Christopher,Shaw,30-06-1963,vazquezdorothy@gmail.com,611-358-8476x339
CUST327,Chad,Wilson,22-08-1968,kylehuff@yahoo.com,515.966.6723
CUST328,Austin,Williams,24-04-1944,reeseaustin@gmail.com,862-516-0681
CUST329,William,Walters,17-12-1990,murraydawn@gmail.com,001-241-999-3630
CUST330,Heather,Roy,14-10-1945,msmith@yahoo.com,+1-348-680-6701
CUST331,Lynn,Butler,11-05-1946,brittany84@gmail.com,(896)472-1933
CUST332,Monica,Mcguire,02-05-1992,whitney92@gmail.com,001-377-964-2067x58660
CUST333,Ian,Miller,05-03-2007,heather18@yahoo.com,001-832-802-1680x13067
CUST334,Alexis,Mccullough,23-08-1970,heathtara@gmail.com,260-784-9074x75971
CUST335,Juan,Smith,10-09-1961,gonzaleskaren@yahoo.com,001-402-209-3261
CUST336,Joseph,Potter,30-07-1947,renee13@gmail.com,+1-666-879-1498x58280
CUST337,Charles,Bond,20-10-1948,ruth37@hotmail.com,(981)910-4322x67750
CUST338,Mariah,Foster,01-12-1940,davidsmith@gmail.com,001-316-272-8252x98671
CUST339,Rhonda,Moreno,18-01-1994,heatherwilliamson@gmail.com,914-720-5357x05587
CUST340,Wayne,Graham,23-07-1980,bethanyolsen@gmail.com,2786418473
CUST341,Chris,Gomez,02-01-1981,samanthajones@hotmail.com,743-808-8553x983
CUST342,Kelsey,Martinez,17-02-1952,cookmark@hotmail.com,814-869-1783
CUST343,Jason,Miller,30-04-1943,amanda17@hotmail.com,+1-864-469-8021x843
CUST344,Joseph,Palmer,14-09-1943,dsmith@gmail.com,713-263-0137x4097
CUST345,Brian,Lawrence,05-09-1993,yharris@yahoo.com,461-281-1262x99189
CUST346,Sarah,Spencer,16-01-1985,lynnlopez@yahoo.com,623-251-5920x00917
CUST347,Julie,Ray,30-06-1975,tgraham@yahoo.com,624-936-8840x8098
CUST348,Mary,Diaz,27-03-1964,wwilliams@yahoo.com,+1-593-731-3362x800
CUST349,Aaron,Barton,01-02-1977,douglaskemp@gmail.com,001-751-811-0398x7200
CUST350,Anna,Henderson,08-10-1971,vtaylor@yahoo.com,4185869329
CUST351,Brianna,Ray,14-06-1952,erincordova@gmail.com,202-456-0412x378
CUST352,Bridget,Kim,18-02-1958,castanedaerin@yahoo.com,409-365-7104x01654
CUST353,Michael,Soto,31-07-2007,cookjacqueline@hotmail.com,(427)249-7325
CUST354,Rebecca,Cook,31-08-1991,brianandrews@yahoo.com,(621)738-3664
CUST355,Deborah,Hays,11-10-1990,caseymiller@gmail.com,9204754566
CUST356,Destiny,Barnes,15-07-1954,rpaul@hotmail.com,7877324927
CUST357,Kathleen,Wright,20-04-1992,jonesparker@yahoo.com,808-271-2655
CUST358,Diana,Stanton,07-11-2004,fbrown@gmail.com,+1-772-704-7856x128
CUST359,Janice,Perez,28-10-1942,erinsantiago@gmail.com,386.584.1710
CUST360,Kelly,Curry,22-09-1952,gonzalezpatricia@gmail.com,001-377-912-6293x96442
CUST361,Bradley,Schmidt,05-02-1960,wesley63@yahoo.com,+1-236-931-3376x61888
CUST362,Tamara,Davidson,07-04-1983,christy81@yahoo.com,001-819-577-3427x84095
CUST363,Brian,Le,18-06-1974,adrianalawrence@gmail.com,985-240-7737x0333
CUST364,James,Gonzales,23-01-1941,rebecca48@gmail.com,(800)576-4609x59518
CUST365,Jessica,Smith,24-03-1989,jasmine89@gmail.com,822.328.7443
CUST366,Mario,Hodge,23-08-1991,tmorales@yahoo.com,+1-851-944-3595
CUST367,Phillip,Jones,19-05-1984,murrayeric@yahoo.com,(439)324-3467x8358
CUST368,Lawrence,Anderson,09-04-1948,hannajillian@gmail.com,(912)728-8376
CUST369,Tracy,Griffin,04-06-1951,wyatt93@hotmail.com,+1-488-336-2685x69040
CUST370,Brandon,Thompson,12-11-1957,nharrison@yahoo.com,470-990-7840
CUST371,Dana,Anderson,09-07-1972,bettyallen@hotmail.com,+1-241-387-7836x059
CUST372,Rodney,Rivera,18-10-1941,jessica94@hotmail.com,356-449-9551
CUST373,Travis,Neal,02-01-1958,kirbylindsey@gmail.com,001-574-738-8868
CUST374,Julie,Fisher,23-05-1953,ttorres@gmail.com,672.451.5587x61460
CUST375,Greg,Riggs,01-03-1983,brianmurray@yahoo.com,363-978-8860x67503
CUST376,Vanessa,Raymond,28-03-1995,usmith@hotmail.com,424.801.8919x547
CUST377,Leslie,Stephenson,16-12-2000,kiddjennifer@yahoo.com,(274)200-9363x5371
CUST378,Joshua,Bautista,26-07-1982,psmith@hotmail.com,8338746308
CUST379,Carol,Lynch,18-06-1950,johnrichmond@yahoo.com,538.297.7874x6533
CUST380,David,Walker,15-10-1965,calvin49@gmail.com,425.827.1547
CUST381,Matthew,Torres,27-04-1999,aaronvillegas@hotmail.com,(567)495-1665x98020
CUST382,Linda,Ward,18-11-1979,randyjones@hotmail.com,001-627-284-6345x12629
CUST383,Tara,Richard,21-09-1990,mspears@gmail.com,(422)451-8618
CUST384,Andrew,Wright,21-02-1976,reyesdaniel@hotmail.com,465.262.0501
CUST385,Frank,Pratt,14-08-1950,jason60@hotmail.com,860-293-3687
CUST386,Karla,Kelly,08-10-1978,cody83@hotmail.com,001-791-929-8189x475
CUST387,Matthew,Jones,29-08-1997,banksjuan@gmail.com,812.904.1837x78726
CUST388,Alexander,Kline,02-11-1968,calvin59@yahoo.com,001-385-750-5797x6855
CUST389,Jessica,Brandt,01-05-1995,tmartinez@gmail.com,655.684.3299
CUST390,Brian,Ramos,18-05-1940,randybrown@gmail.com,001-309-743-6767x7952
CUST391,Tommy,Mclaughlin,02-09-1953,harrisonmelanie@gmail.com,+1-516-429-8222x1182
CUST392,Tara,Miranda,13-02-1941,martindavid@yahoo.com,382-529-3140
CUST393,Amanda,Cherry,10-09-1960,pespinoza@gmail.com,001-408-859-1275x586
CUST394,Katherine,Schmidt,20-04-1960,ccarroll@yahoo.com,001-372-936-4610x114
CUST395,Brenda,Dixon,02-02-1973,nmann@yahoo.com,432-446-4662x389
CUST396,Gina,Long,05-09-2001,christina08@hotmail.com,307.695.1433x1132
CUST397,Valerie,Wolf,24-04-1999,rachel53@hotmail.com,899-268-1679x92196
CUST398,Gregory,Anderson,29-10-1972,craig77@hotmail.com,805.524.6461x06681
CUST399,Alexandra,Walker,13-02-1968,gary51@hotmail.com,8293078240
CUST400,Kevin,Carroll,24-11-1995,nlarson@yahoo.com,(275)506-0056
CUST401,Mary,Perry,19-05-1944,wwade@gmail.com,817.393.9915x3971
CUST402,Angela,Mathis,06-05-1967,shannonmoyer@gmail.com,(538)592-3252x654
CUST403,Jacqueline,Rodriguez,03-04-1947,tbuchanan@yahoo.com,533.352.6842x21011
CUST404,Rebekah,Green,04-06-1943,anna60@hotmail.com,+1-834-514-0900x9007
CUST405,Jodi,Rhodes,11-11-2001,amy63@hotmail.com,233-641-2476x3721
CUST406,Eric,Wilkinson,14-12-1955,littlemichael@yahoo.com,424-291-7080x546
CUST407,Melody,Curtis,25-03-1957,jessica53@hotmail.com,(411)346-4233x41848
CUST408,Ivan,Hernandez,04-05-1967,nancycantrell@gmail.com,(947)332-9741x157
CUST409,Mary,Brady,07-10-1982,kcummings@gmail.com,+1-977-210-7919x296
CUST410,David,Cox,06-01-1964,marisaboyer@yahoo.com,(223)292-5626
CUST411,Malik,Wright,06-02-1997,vegamark@gmail.com,323-669-4893
CUST412,Caleb,Stark,20-06-1954,brandi45@yahoo.com,(574)707-6863
CUST413,Cindy,Thompson,02-08-1979,mark87@gmail.com,928.920.8077
CUST414,Brooke,Nunez,31-10-1945,danielbarajas@yahoo.com,464-678-9527
CUST415,Mallory,Davenport,01-11-1993,jonathanporter@yahoo.com,695-387-5139x0062
CUST416,Jack,Perez,24-03-2005,nicoleolson@hotmail.com,001-790-839-4826
CUST417,Rachel,Robertson,16-09-1947,erinhebert@gmail.com,001-267-412-7563x43890
CUST418,Trevor,Rose,11-01-1975,banderson@yahoo.com,474.426.1106x688
CUST419,Mary,Choi,02-04-2002,ydelacruz@hotmail.com,673.624.6762x12913
CUST420,Jimmy,Carey,06-03-1943,bwallace@hotmail.com,773-715-3217
CUST421,Heather,Mckee,16-07-1995,nathansnyder@gmail.com,(436)603-5757x72838
CUST422,Sylvia,Cole,02-12-1947,josechavez@yahoo.com,4425145600
CUST423,Karen,Williams,12-04-1961,rachel63@yahoo.com,8462091968
CUST424,Barbara,Reed,30-06-1978,timothyperkins@gmail.com,001-530-309-7034
CUST425,Anthony,Gibbs,25-08-1992,danamccullough@yahoo.com,563.523.8839
CUST426,Raymond,Flores,07-12-1945,william96@gmail.com,001-730-702-8915
CUST427,Erin,Schneider,29-03-1947,jennifermcdaniel@yahoo.com,(935)788-8509x257
CUST428,Steven,Turner,06-06-1946,danielmoran@yahoo.com,311.445.2751x17710
CUST429,Jessica,Arnold,15-04-2001,rebeccagarcia@gmail.com,469.745.7080x2913
CUST430,Lauren,Hughes,26-11-2001,sandersmary@gmail.com,(411)830-0547
CUST431,Peter,Smith,20-08-1987,allenbrandon@yahoo.com,+1-542-878-0689x3757
CUST432,Eric,Murphy,12-12-1942,ralphwilliams@gmail.com,(281)604-3208x4329
CUST433,Erica,Reid,05-01-1984,youngjason@yahoo.com,(745)997-3434x58730
CUST434,Nicole,Hart,09-06-1957,jlyons@gmail.com,+1-695-299-9593x39186
CUST435,Dustin,Vasquez,29-03-1979,benjamincarlson@gmail.com,+1-624-365-0262x51946
CUST436,Justin,Wiley,12-12-1957,abrown@hotmail.com,(303)465-6264x466
CUST437,Beth,Tucker,17-04-1971,margaretjohnson@yahoo.com,576.342.6405x060
CUST438,Christopher,Lambert,16-06-1990,james95@gmail.com,(847)712-4824
CUST439,Deborah,Burnett,15-09-1991,carolortega@hotmail.com,001-726-870-0995
CUST440,Carolyn,Smith,11-08-1999,barnettbryan@yahoo.com,7252888303
CUST441,Emily,Kennedy,18-08-1969,kristin15@hotmail.com,9799465163
CUST442,Robert,Lyons,08-07-1977,justin28@yahoo.com,997-860-5692
CUST443,Amanda,Orozco,17-05-1974,award@hotmail.com,+1-320-473-2480x25661
CUST444,Jason,Tate,19-04-1956,david29@hotmail.com,+1-938-610-0220x0031
CUST445,Alexandra,Morgan,16-11-1950,mary84@hotmail.com,580-459-7212x9020
CUST446,Robert,Schwartz,22-08-1997,wendybuck@gmail.com,+1-692-763-7808x74849
CUST447,Jeff,Vaughan,26-02-2003,robert59@hotmail.com,809-660-4933
CUST448,Thomas,Lester,04-01-1994,troywilson@yahoo.com,(561)402-4222x2767
CUST449,Cassandra,Camacho,22-05-1985,zwade@hotmail.com,001-660-315-6427x066
CUST450,Victoria,Barron,15-11-1960,laura44@yahoo.com,+1-229-638-0658x5181
CUST451,Steve,Moore,27-02-1984,michaelpatton@yahoo.com,001-721-841-6767x58204
CUST452,Thomas,Deleon,23-10-1971,elizabethcoleman@hotmail.com,731-652-7163
CUST453,Evan,Lynch,30-09-1998,annette43@hotmail.com,+1-386-290-9080x74020
CUST454,Isaiah,Wallace,22-08-1947,john17@yahoo.com,(789)831-8492
CUST455,Toni,Nelson,30-10-1972,qjohnson@yahoo.com,001-577-736-6944
CUST456,Katie,Johnson,18-07-1985,bsanchez@gmail.com,+1-729-487-1781x52668
CUST457,Alyssa,Osborne,07-10-1971,plandry@gmail.com,001-949-939-6420x430
CUST458,John,Bentley,01-03-1993,maria30@gmail.com,001-496-935-0342x8355
CUST459,Laura,Walsh,13-01-1949,jerry40@yahoo.com,993.634.1138x08261
CUST460,Alison,Foley,10-07-1978,sarah91@hotmail.com,815-813-4125
CUST461,Bryan,Cruz,03-09-1956,mathew27@hotmail.com,583-530-2236
CUST462,Jacqueline,Wright,23-11-1969,mannrichard@hotmail.com,383-361-1753x75107
CUST463,Tanya,Wheeler,25-06-1967,vanessa72@hotmail.com,001-752-814-9875x08366
CUST464,Jeffrey,Johnston,14-08-1987,jacqueline84@hotmail.com,001-799-558-2306x179
CUST465,Emma,Miller,14-04-1988,amorgan@yahoo.com,001-433-763-8807x75865
CUST466,Caroline,Lawrence,21-05-1985,kjohnson@gmail.com,(997)946-8539
CUST467,Natasha,Mcgrath,16-06-2003,timothy98@yahoo.com,001-736-410-9393x59446
CUST468,Chelsea,Walker,26-06-2001,robertsonvanessa@yahoo.com,001-732-370-9539
CUST469,Robert,Bullock,22-02-1996,sarah73@yahoo.com,001-401-766-4198x06026
CUST470,Wendy,Welch,31-12-1987,kristenbryant@gmail.com,+1-777-874-1637x3730
CUST471,Jonathan,Conner,13-05-1952,stephenscameron@gmail.com,001-762-398-9726x27184
CUST472,Brian,Landry,21-04-1961,davislance@yahoo.com,(676)502-7968x480
CUST473,Matthew,Johnson,23-02-2005,jamesbailey@yahoo.com,+1-277-945-2591x116
CUST474,Christina,Conley,20-12-1969,curtisjoshua@hotmail.com,+1-576-393-3682x574
CUST475,Raymond,Ramirez,28-04-1999,rbecker@hotmail.com,(587)214-2761x8693
CUST476,Dale,Deleon,18-04-1966,dannyholland@hotmail.com,001-239-682-4262x939
CUST477,Joseph,Nelson,06-11-1942,qramirez@yahoo.com,(468)302-9464x59132
CUST478,Debra,Weaver,05-01-1960,xreed@hotmail.com,(811)940-9475x7683
CUST479,Lynn,Dixon,04-04-1955,kenneth96@gmail.com,324.435.6701x885
CUST480,Teresa,Lane,20-06-1974,coopershawn@gmail.com,347-473-5198x06071
CUST481,Timothy,Morgan,02-11-1968,kristinreese@hotmail.com,264-317-6322
CUST482,Deanna,Sanders,13-01-2002,matthew52@hotmail.com,+1-245-999-5298x457
CUST483,Richard,Best,29-11-1942,theresa90@yahoo.com,001-415-836-1431x2827
CUST484,Aaron,Owens,05-07-1976,john05@hotmail.com,(465)491-7938
CUST485,Cynthia,Davis,03-12-1941,rcalderon@gmail.com,(283)280-1516x28782
CUST486,Susan,Nelson,08-06-1985,nguyenmeagan@hotmail.com,001-695-549-7325x5086
CUST487,Mark,Davis,23-04-2006,ugill@yahoo.com,+1-867-344-2654
CUST488,Robert,Dixon,24-04-1983,jamesgibson@yahoo.com,(799)571-3978x12564
CUST489,Stacie,Cox,21-08-1980,traceybaker@gmail.com,657.926.2011x15870
CUST490,Jessica,Thompson,04-10-1957,shale@yahoo.com,680.937.2018x4974
CUST491,Abigail,Smith,23-01-1978,gonzalezlori@yahoo.com,596.268.6253x7030
CUST492,Jonathan,Stewart,01-04-1959,bradyvirginia@hotmail.com,410-828-2379x681
CUST493,Sandra,Nguyen,14-12-1964,cherylmoran@gmail.com,724.435.7179x5008
CUST494,Tammy,Murray,12-08-1943,vwebb@hotmail.com,+1-667-414-2209
CUST495,Daniel,Gonzalez,13-05-1959,philipspencer@yahoo.com,+1-458-824-4443x72436
CUST496,Ashley,Owen,10-12-2006,nataliehicks@yahoo.com,001-423-476-3221x0981
CUST497,Katelyn,Mack,16-11-1968,daviselizabeth@yahoo.com,+1-562-963-6198x5588
CUST498,Albert,Wang,03-07-1997,yhall@gmail.com,256-674-8630x9014
CUST499,Sarah,Mathews,27-02-1970,xkelly@yahoo.com,584.316.2349x89514
CUST500,John,Nelson,14-05-1973,kyle25@hotmail.com,969-329-5964x75153
CUST501,Debbie,Marshall,30-10-1953,hartkim@yahoo.com,(640)802-8204
CUST502,Margaret,Schultz,14-01-1941,mendozacindy@yahoo.com,001-986-480-2341
CUST503,Alexandra,Murray,30-04-1979,anna64@hotmail.com,9682222331
CUST504,Jennifer,Cunningham,05-02-1956,aguirrematthew@hotmail.com,412-319-0664
CUST505,Eric,Gonzalez,20-03-1960,nsingh@yahoo.com,870.403.2197
CUST506,Kenneth,Stevenson,08-01-1970,matthew75@yahoo.com,+1-299-250-0504
CUST507,Michael,Houston,04-01-1955,ejones@yahoo.com,001-754-934-7350x0960
CUST508,Kenneth,Hicks,02-03-1984,david02@gmail.com,854-960-9733x67907
CUST509,Amy,Gillespie,05-08-1961,denisedavidson@hotmail.com,935-578-7450x220
CUST510,Zachary,Miller,01-07-1955,pwilliams@gmail.com,705.581.6858x3933
CUST511,Eric,Ross,04-05-1998,vkaufman@yahoo.com,(606)273-2254x31854
CUST512,Ashley,Allison,23-01-1992,fmckee@gmail.com,301.711.0925x3599
CUST513,David,Cobb,19-04-1943,tiffanysolomon@hotmail.com,(232)887-8113x92158
CUST514,Derek,Hunt,19-02-2000,danielgill@yahoo.com,001-649-282-1622x6549
CUST515,Andrea,Morgan,16-04-1993,alyssarogers@gmail.com,+1-397-338-7220
CUST516,Rhonda,Glover,28-08-1982,thompsoncrystal@yahoo.com,+1-477-898-2577
CUST517,Deborah,Dixon,26-04-1949,gwilliams@hotmail.com,595.909.6720
CUST518,Taylor,Myers,04-11-1986,bishopcarol@yahoo.com,(697)867-4463x60242
CUST519,Amanda,Fields,12-12-2003,simpsonchristine@gmail.com,3679249596
CUST520,Jessica,Gardner,13-12-1990,wrightjulia@gmail.com,001-948-414-7208
CUST521,Angela,Murray,18-05-2000,washingtonmichael@hotmail.com,001-236-291-3860x08460
CUST522,Anna,Best,23-06-1967,griffinvictoria@gmail.com,(784)507-2567
CUST523,John,Harper,28-11-2004,xmoyer@gmail.com,(353)945-0071
CUST524,Courtney,Velez,17-10-1947,lawsonpaul@yahoo.com,+1-943-209-6416x909
CUST525,Megan,Meyers,31-10-1994,elizabethferguson@hotmail.com,001-592-864-8318
CUST526,Michael,Sanchez,17-12-1990,hollandbryan@hotmail.com,(500)562-5734
CUST527,Aaron,Bond,03-01-1995,qdavidson@hotmail.com,2348368255
CUST528,Jacqueline,Bennett,05-12-1985,holmesfranklin@hotmail.com,(518)989-8663
CUST529,Brian,Ward,13-10-1973,billypotter@gmail.com,001-819-305-1205x3929
CUST530,James,Hart,05-07-1969,kgarcia@gmail.com,(966)215-4576x7041
CUST531,Kathryn,Walsh,11-12-2002,psmith@hotmail.com,001-518-661-0913x78391
CUST532,Austin,Marquez,05-11-1968,edward05@hotmail.com,5836563758
CUST533,Anthony,Frye,29-11-1962,gary41@yahoo.com,992-612-6987
CUST534,Christopher,Garcia,04-07-1962,danajones@yahoo.com,001-351-707-6484x685
CUST535,Sally,Allen,30-07-1943,palmerstanley@gmail.com,(930)405-4396x886
CUST536,Robert,Wolf,07-01-1966,joshuajensen@yahoo.com,3919660438
CUST537,Tyler,Reynolds,18-02-1986,xboone@gmail.com,351.675.1491x02719
CUST538,Stephen,Henderson,01-12-1940,ijohnson@yahoo.com,356-265-7316x55677
CUST539,Ashley,Guerrero,21-11-1967,jacksonjeffrey@gmail.com,606.313.8320
CUST540,Susan,Rodriguez,19-07-1951,msnow@yahoo.com,001-648-749-0452x18012
CUST541,Amy,Clark,27-04-1991,uperez@gmail.com,001-595-753-5158x901
CUST542,Caroline,Sweeney,15-10-2006,johnsonmiguel@yahoo.com,5544885115
CUST543,Rebecca,Anderson,20-04-1990,omccann@yahoo.com,8019131169
CUST544,Jeremy,Castillo,30-12-1988,yfreeman@hotmail.com,795-463-2311
CUST545,Ashley,Turner,26-08-1996,bhamilton@yahoo.com,(659)444-4042x868
CUST546,James,Obrien,10-12-1996,nunezbetty@gmail.com,+1-771-640-2463x6013
CUST547,Teresa,Williams,27-07-1957,jason56@yahoo.com,(569)404-4585x12822
CUST548,Steven,Hernandez,13-05-1992,craigpotter@hotmail.com,+1-595-480-8728x813
CUST549,Amy,Herrera,30-06-2004,sfarmer@gmail.com,+1-949-216-5227x41598
CUST550,David,Bond,19-02-1943,lmckenzie@yahoo.com,001-323-691-3453
CUST551,Benjamin,Patterson,19-07-1957,cynthiamorris@hotmail.com,416.694.2301
CUST552,Joshua,Medina,16-12-1947,james63@hotmail.com,+1-348-723-8441x133
CUST553,David,Lopez,30-03-1942,clane@gmail.com,+1-648-933-5114x73495
CUST554,Perry,Blankenship,03-05-1996,chadkennedy@hotmail.com,(317)676-9677
CUST555,Lisa,Bradford,16-09-1949,anthonybrown@yahoo.com,880.346.2076x6729
CUST556,Ryan,Swanson,12-10-2004,joshuawillis@yahoo.com,822.432.0677x18320
CUST557,Danielle,Martin,11-05-1975,christy26@yahoo.com,(697)400-8885
CUST558,Tristan,Floyd,25-02-1963,erussell@hotmail.com,(504)407-2260
CUST559,Erica,Bailey,01-01-1963,pharrison@yahoo.com,7922997624
CUST560,Mark,Collier,08-10-1956,vramirez@hotmail.com,(484)422-9187x378
CUST561,Julie,Mueller,22-06-1958,cindyramirez@yahoo.com,+1-287-604-9618x55403
CUST562,Steven,Weeks,24-12-1981,matthewklein@yahoo.com,831.996.6877x79092
CUST563,Kevin,Armstrong,13-12-1949,patrickroberts@gmail.com,895.342.7126x39599
CUST564,Howard,Castro,31-01-2004,fhumphrey@yahoo.com,7987448842
CUST565,Brandon,Khan,03-05-1975,samanthamyers@gmail.com,(892)243-1010x5226
CUST566,Danielle,Whitehead,29-07-1942,joseph11@yahoo.com,875-942-7133
CUST567,Robert,Mclean,30-12-1958,heather65@hotmail.com,+1-959-562-0542x895
CUST568,Tammy,Mendoza,13-05-1964,joshuaochoa@yahoo.com,886-394-6879x299
CUST569,Nathaniel,Walker,22-01-2007,jonessheila@hotmail.com,388.912.8285x6777
CUST570,Charles,Gibbs,21-10-2000,donald12@gmail.com,+1-344-550-1269
CUST571,James,Gonzalez,01-07-2006,sshaffer@yahoo.com,(950)906-3755
CUST572,Rick,Wilson,28-08-1979,hayesscott@gmail.com,830.638.9950x285
CUST573,Alyssa,Guerrero,13-09-2001,stephaniecarter@yahoo.com,620-976-8510
CUST574,Blake,Mccann,13-07-1969,zmiles@gmail.com,311-331-3977
CUST575,Hannah,Franklin,03-02-1980,sheilamartin@yahoo.com,+1-436-748-9422x85150
CUST576,Ashley,Miller,05-03-1949,gary53@yahoo.com,905-863-5921
CUST577,Luis,Fernandez,26-07-1974,lwelch@hotmail.com,+1-746-669-2348x13997
CUST578,Steven,Molina,04-11-2001,maryarmstrong@yahoo.com,001-229-867-5041x13242
CUST579,Daniel,Herrera,20-11-1990,andrea18@gmail.com,593-755-2620x45651
CUST580,Carrie,Walker,03-06-1952,jacobscott@gmail.com,(792)648-5332x44445
CUST581,Dustin,Gonzalez,29-08-1978,aguirremichael@yahoo.com,(858)812-8669x9194
CUST582,Abigail,Shepherd,21-07-1964,jason19@hotmail.com,(266)482-6161
CUST583,Joseph,Gonzales,15-08-1959,catherine04@hotmail.com,+1-645-937-5367
CUST584,William,Rivera,01-05-1987,padillavickie@hotmail.com,001-622-505-4159
CUST585,Evan,Smith,17-04-1959,brichard@hotmail.com,934-820-1140x9056
CUST586,Gary,Martinez,29-06-1993,tammylynch@yahoo.com,(458)760-2700x0363
CUST587,Luis,Moore,08-11-1969,jeffreymiller@yahoo.com,+1-535-585-8100x9293
CUST588,Derek,Bailey,04-05-1999,ricardo04@gmail.com,+1-257-424-0292x846
CUST589,Michael,Rosario,26-10-1960,wperry@yahoo.com,001-410-775-5653
CUST590,Stephanie,Wilson,02-12-1964,rachael96@gmail.com,001-908-725-6192
CUST591,Zachary,Goodwin,22-11-1958,stephenhunter@yahoo.com,907.766.5118x3165
CUST592,Mark,Arias,29-08-2002,charles68@gmail.com,+1-973-949-5408
CUST593,Robert,Burgess,26-09-1952,cassidymontgomery@yahoo.com,8769393845
CUST594,Patricia,Miller,30-06-1944,sanchezjeffrey@hotmail.com,(239)957-0592x1714
CUST595,Lori,Contreras,15-07-1942,stouttravis@yahoo.com,651-579-5545x4583
CUST596,Larry,Osborne,07-12-1949,psoto@hotmail.com,001-875-784-9746
CUST597,Rebecca,Hopkins,03-11-1950,gwilliamson@hotmail.com,+1-716-829-4554x99247
CUST598,Christopher,Long,26-11-1978,vcruz@hotmail.com,7274266296
CUST599,Joshua,Small,15-08-1953,ecole@hotmail.com,506.372.0285x85950
CUST600,Randy,Ramos,20-02-1968,samueldawson@hotmail.com,697.238.0050x866
CUST601,James,Martinez,25-07-1980,christopher20@hotmail.com,598-347-5728
CUST602,Benjamin,Richardson,17-09-1972,karenhill@hotmail.com,4822508545
CUST603,Thomas,Garrett,22-11-1971,brandonmorrow@gmail.com,981.712.5731x7588
CUST604,Michael,Allen,16-09-1956,shannonhart@hotmail.com,(306)890-6564x060
CUST605,David,Clayton,18-06-1979,xstewart@yahoo.com,(465)707-7360x766
CUST606,Rachel,Smith,28-07-1990,christina50@gmail.com,912-210-6084x9423
CUST607,James,Smith,22-02-1997,ymoreno@hotmail.com,489-859-2198x7816
CUST608,Stephen,Allen,22-12-1981,erin81@yahoo.com,623.220.3573
CUST609,Madeline,Chen,09-02-1973,tschneider@hotmail.com,7925265375
CUST610,Jennifer,Woods,02-09-2002,cardenasgregory@yahoo.com,839-968-7697
CUST611,Mark,Mills,12-07-1949,myerslaura@yahoo.com,001-534-553-9219x9612
CUST612,Stephanie,Stevenson,09-09-1943,barbaracurry@gmail.com,848-955-0156
CUST613,Kathleen,Randolph,04-01-1950,richardsonlatoya@yahoo.com,(547)212-7074
CUST614,Mark,Moreno,09-05-1979,johnsonjoshua@hotmail.com,(800)996-6802x588
CUST615,Anna,Stevens,28-01-1960,mary54@hotmail.com,634.654.2403
CUST616,Christine,Howard,29-04-1948,castillodavid@yahoo.com,+1-742-966-1270x520
CUST617,Lauren,Lewis,29-04-1962,kennethpacheco@gmail.com,427.734.9509
CUST618,Marie,Lee,09-09-1981,annwashington@hotmail.com,001-876-811-8144x388
CUST619,Phillip,Reed,20-01-2002,cruzjeffrey@yahoo.com,504-305-8856x851
CUST620,James,Flores,01-01-1971,harriserin@gmail.com,7092226761
CUST621,Keith,Mcdonald,08-05-1951,smarshall@gmail.com,+1-587-449-5834x35699
CUST622,Jesus,Walters,31-12-1945,jonesernest@hotmail.com,001-535-651-4744
CUST623,Kimberly,Moran,15-07-1991,stevensjoshua@hotmail.com,677.723.1959
CUST624,Troy,Morales,09-08-1999,brookekeller@gmail.com,568.971.7813
CUST625,Steven,Elliott,06-09-1960,bmelendez@gmail.com,(647)316-1810
CUST626,Alice,Thompson,01-04-2002,howardlisa@gmail.com,576.270.5080
CUST627,Wendy,Johnson,07-02-1982,arnolddonald@hotmail.com,+1-899-549-7537x4704
CUST628,Thomas,Ramirez,07-06-1954,yclark@hotmail.com,(583)635-1880
CUST629,Kevin,Scott,27-02-1945,christine21@gmail.com,6144681432
CUST630,Nicole,Lutz,31-08-1996,nguyenrebekah@hotmail.com,+1-598-371-2453x3764
CUST631,Angela,Hayes,05-08-2005,carterkatherine@hotmail.com,754.830.7171
CUST632,Jose,Santiago,03-09-1971,cannonshelby@gmail.com,530.317.3561x188
CUST633,Cynthia,Murphy,29-12-1983,perrychristina@gmail.com,(905)943-9621x77717
CUST634,Randy,Parker,25-04-1972,derekvazquez@yahoo.com,(395)356-9097x45432
CUST635,Rachael,Taylor,17-01-1995,marcstafford@gmail.com,938.308.3759
CUST636,Brittany,Ramos,04-12-1986,cynthia19@gmail.com,8315079814
CUST637,James,Smith,20-05-1987,dsmith@gmail.com,(513)583-7552x5065
CUST638,Katherine,Barker,29-02-1996,randy24@hotmail.com,(633)891-7546
CUST639,Jessica,Campbell,22-03-1962,charles11@hotmail.com,(658)204-2107
CUST640,Brandon,Harris,13-03-1964,kellychad@gmail.com,436-671-6965x522
CUST641,Maria,Fuller,14-02-1984,rsmith@yahoo.com,(514)399-3455x243
CUST642,Brian,Watkins,12-07-1949,gallaghererin@yahoo.com,892-565-5054x68198
CUST643,Ann,Miller,06-10-1945,pamela04@hotmail.com,294.444.1674x5726
CUST644,Vanessa,Whitney,18-03-2002,yvettejohns@hotmail.com,(394)842-7582
CUST645,Claudia,Anderson,15-07-1961,browncarolyn@hotmail.com,812-692-0755x41403
CUST646,James,Bennett,06-02-2000,fpatrick@yahoo.com,627.622.1348
CUST647,Colleen,Clark,08-02-1964,kimberly27@hotmail.com,+1-729-822-7289x5097
CUST648,Tina,Sanchez,13-12-1993,lori07@hotmail.com,684-423-8077x54031
CUST649,Destiny,Holmes,30-12-1968,bmorales@yahoo.com,001-627-439-2741x4038
CUST650,Daniel,Anderson,04-07-1973,lsmith@yahoo.com,475-739-8095x79676
CUST651,Jeffrey,Hayden,11-07-1968,michaelcarter@gmail.com,957.679.1450
CUST652,Matthew,Martinez,12-02-1980,jgordon@gmail.com,771-513-8128x144
CUST653,Michael,Owens,28-09-1940,phillip44@hotmail.com,(503)546-7985x83594
CUST654,Kiara,Ward,16-04-1966,edward32@gmail.com,8852658019
CUST655,Kenneth,Ellis,08-11-1949,atate@hotmail.com,001-754-470-3819x290
CUST656,Joshua,Jordan,18-02-1982,cthompson@hotmail.com,902-251-3636
CUST657,Dean,Richards,16-09-1977,whall@hotmail.com,308-420-7182x404
CUST658,Laura,Ramos,28-03-1943,anthony82@gmail.com,579.327.1897
CUST659,Don,Buck,25-08-1945,howardmichael@hotmail.com,4715038322
CUST660,Melissa,Romero,07-06-1959,danny02@yahoo.com,001-561-661-0235x7359
CUST661,Amy,Gomez,15-09-1960,kevinsmith@hotmail.com,+1-514-273-4887x76136
CUST662,Michael,Salinas,24-04-2001,monica56@yahoo.com,+1-874-996-4037
CUST663,Sarah,Gardner,05-10-2001,mark82@hotmail.com,+1-851-441-1032x481
CUST664,Adam,Mckee,23-04-1946,kaitlin52@yahoo.com,(967)709-2335x767
CUST665,Timothy,Scott,14-02-1941,nguyenrebekah@hotmail.com,2347371453
CUST666,Steven,Wu,15-09-1974,stephen50@yahoo.com,(815)232-5091
CUST667,Timothy,Gray,12-09-1952,cindy21@gmail.com,910-687-9825x0650
CUST668,Scott,Hardy,11-07-1978,tabitha52@hotmail.com,(585)902-0047
CUST669,Daniel,Walters,11-07-1998,vasqueztoni@gmail.com,(774)737-6495x71900
CUST670,Jason,Ruiz,01-10-1953,pattonjohn@gmail.com,(655)383-0460x824
CUST671,Andre,Smith,01-12-1941,kristinanichols@yahoo.com,559-987-9802x81494
CUST672,Richard,Mack,28-09-1948,jasonrich@hotmail.com,802.581.2954x575
CUST673,Andrew,Hughes,18-08-1945,vclark@hotmail.com,490.801.0523x067
CUST674,Ronald,Lane,12-08-1994,sarahrichardson@hotmail.com,847.264.6643
CUST675,Alan,Forbes,02-12-1942,rachel70@hotmail.com,904.744.1068x987
CUST676,Kevin,Murillo,18-08-1986,thompsonheather@yahoo.com,(682)449-5078x1707
CUST677,Karina,Coleman,16-11-1991,edwardsnicole@yahoo.com,(860)740-8293
CUST678,Scott,Jackson,14-02-1994,martinezmichelle@hotmail.com,+1-501-616-9024x3893
CUST679,Jordan,Davis,09-07-1968,jeffreyspencer@gmail.com,993-814-8204x20452
CUST680,Angela,Moore,05-03-1959,nmaldonado@gmail.com,001-754-606-5108x54258
CUST681,Belinda,Webb,27-08-1985,washingtonjoseph@hotmail.com,+1-280-678-2304x5474
CUST682,Daniel,Gill,09-09-1958,jlowe@hotmail.com,+1-973-247-9397
CUST683,Jessica,Conway,15-08-1988,matthew74@yahoo.com,905-786-8184x13142
CUST684,Emily,Sanchez,06-09-1999,diane59@gmail.com,682.449.1105
CUST685,Gregory,Hull,04-11-1959,johnsonkelsey@hotmail.com,562.669.0933x338
CUST686,Adam,Jones,03-01-1996,obrienjeremy@gmail.com,992.665.3194x122
CUST687,Juan,Burton,15-12-1966,whiteraymond@hotmail.com,380.825.0689x9916
CUST688,Elizabeth,Combs,23-02-1965,john50@gmail.com,8409839870
CUST689,Zachary,Rollins,02-08-1984,odavidson@yahoo.com,966.877.9896x7350
CUST690,Jordan,Martin,18-06-1945,jsmith@yahoo.com,7422348042
CUST691,Jessica,Ali,06-02-1969,austinrenee@yahoo.com,+1-705-935-0223x4954
CUST692,Timothy,Fox,17-03-1969,gabriel93@gmail.com,001-777-353-7132x18326
CUST693,Jessica,Hernandez,22-06-1944,denise04@yahoo.com,+1-684-308-4805x018
CUST694,Lisa,Ferguson,13-06-1953,rodneyscott@gmail.com,+1-870-969-5241x9977
CUST695,Kristen,Webster,24-03-1975,stephen09@yahoo.com,001-704-492-4905x50700
CUST696,Steven,Gray,18-02-1982,vanessa15@yahoo.com,(938)743-3247
CUST697,Evan,Alvarado,25-06-1942,stonekenneth@gmail.com,668-452-7944
CUST698,Madeline,Odom,15-09-2001,kennethjohnson@gmail.com,5425791994
CUST699,Clayton,Riggs,12-01-1957,apearson@hotmail.com,7625741711
CUST700,Carrie,Long,16-03-2006,watkinskatrina@hotmail.com,(838)582-7077x062
CUST701,Gina,Rice,26-01-1950,jack79@hotmail.com,+1-918-992-4379
CUST702,Donald,Bryant,26-12-1972,george16@hotmail.com,638-682-9433x9182
CUST703,Christine,Briggs,18-08-1991,wvazquez@yahoo.com,(715)909-2041x621
CUST704,Ryan,Patterson,08-08-1953,hmyers@gmail.com,338-888-8714
CUST705,Darren,Clark,10-05-1968,linda01@yahoo.com,(991)818-8090x30094
CUST706,Christopher,Taylor,19-04-1977,shellyayala@gmail.com,+1-745-582-7559x0168
CUST707,Cody,Austin,18-10-2001,amiller@yahoo.com,635.252.9913x6005
CUST708,Julie,Meyer,14-08-1997,colonjacob@yahoo.com,268.650.5122
CUST709,Bruce,Lewis,11-05-2006,patriciamcguire@hotmail.com,001-935-604-3502x2119
CUST710,Amy,Perez,20-02-1988,benjamin73@gmail.com,3123419474
CUST711,Christine,Simmons,19-10-1984,james86@yahoo.com,(218)564-1478
CUST712,David,Jenkins,07-11-1990,michaelhenderson@gmail.com,270-502-0536x99108
CUST713,Nicholas,Garcia,01-12-1953,armstrongcathy@hotmail.com,3307742350
CUST714,Jasmine,Mejia,31-12-1974,sarah43@gmail.com,(288)353-1074
CUST715,Michael,Mcguire,03-10-1944,traciliu@gmail.com,700-558-4953
CUST716,Kelly,Berry,27-02-2006,sarahbeck@gmail.com,(542)509-9873x9392
CUST717,Timothy,Herrera,23-08-1991,christopher85@gmail.com,001-321-420-0203
CUST718,Greg,Thompson,14-04-1943,watkinsmark@hotmail.com,355.442.8026x1765
CUST719,Lee,Taylor,31-08-1949,garciamichael@hotmail.com,478.874.3178
CUST720,Howard,Blackwell,18-03-1966,jacksonandrea@gmail.com,+1-727-752-6874x791
CUST721,Joe,Gilmore,13-12-1993,espinozajonathan@hotmail.com,348.913.3184x31231
CUST722,Brooke,Larson,24-08-1962,pprice@hotmail.com,+1-816-989-9265x30615
CUST723,Angela,Wong,22-09-1976,evan36@hotmail.com,735-503-3085x07631
CUST724,Mario,Cruz,12-03-1985,chadhinton@gmail.com,942.922.3962x941
CUST725,Dale,Kelley,18-05-1994,cassandra73@gmail.com,816-709-2615x416
CUST726,Lisa,Gilbert,13-11-1941,mmays@yahoo.com,(830)427-5577
CUST727,Jessica,Olson,19-02-2002,contrerastimothy@yahoo.com,001-763-947-9848
CUST728,Kelly,Howard,25-01-2002,jbishop@gmail.com,+1-686-868-5364x1834
CUST729,Shaun,Galvan,21-04-1977,tlara@yahoo.com,251.590.0830x4760
CUST730,Kenneth,Chapman,03-06-2005,zleonard@gmail.com,840-272-0820x72648
CUST731,Christopher,Fowler,21-02-1962,xlara@gmail.com,772.583.7888
CUST732,Brandon,Rasmussen,15-04-1987,stevenstephens@yahoo.com,753-484-0121
CUST733,Daniel,Moore,05-02-2000,csanchez@gmail.com,4725468535
CUST734,Sarah,Smith,27-09-1972,mbaker@hotmail.com,434.704.9543
CUST735,Deborah,Hooper,02-09-2005,pbishop@gmail.com,727.622.1281
CUST736,Charles,Dominguez,17-06-1985,stephenwiley@yahoo.com,459.456.9168x4281
CUST737,Joanna,Livingston,01-08-1958,shelbygarcia@yahoo.com,821-355-4606x3652
CUST738,Cory,Nielsen,19-04-1959,lmacdonald@yahoo.com,401.210.3552x0113
CUST739,Jimmy,Mccullough,15-03-1951,jefferywilson@gmail.com,(282)799-1397x6026
CUST740,Melanie,Harris,14-03-1955,cynthia20@hotmail.com,318-345-6657
CUST741,Timothy,Greer,12-10-1996,robertnelson@hotmail.com,+1-677-364-7731x3711
CUST742,Aaron,Brown,04-06-1947,shane50@hotmail.com,443-923-1735
CUST743,Aaron,Sanchez,19-10-1990,heidi48@hotmail.com,747.592.0509x270
CUST744,Hannah,Montgomery,24-05-1975,shafferrebecca@yahoo.com,489-925-5393x63843
CUST745,Kelly,Nash,13-03-1949,bryannolan@hotmail.com,806-259-0643
CUST746,Michael,White,09-07-1943,dwilliams@gmail.com,(992)262-3947x46381
CUST747,Roy,Cardenas,22-11-1976,gregorybrown@hotmail.com,881-399-2294
CUST748,Angela,Miller,05-05-1996,christopher89@hotmail.com,(281)315-8504x651
CUST749,Gary,Morse,30-11-1997,josephaguilar@yahoo.com,5385246461
CUST750,Corey,Blair,06-10-1980,jeffreypeters@gmail.com,(456)282-1389
CUST751,Lori,Hall,05-01-1992,jean00@hotmail.com,(379)641-5886
CUST752,Allison,Rivera,12-03-1982,kzimmerman@hotmail.com,001-482-692-1583x714
CUST753,Richard,Becker,05-12-1996,lorrainegarcia@gmail.com,996.784.5108
CUST754,Sarah,Price,03-03-1971,beverlygarza@hotmail.com,(455)742-5722x132
CUST755,Kathy,Arellano,23-06-1989,anncarter@gmail.com,001-935-249-8802
CUST756,Richard,Tran,10-05-1982,nbrooks@gmail.com,413-754-1141x588
CUST757,Alicia,Wilson,28-09-1995,greertina@hotmail.com,942-558-2479x478
CUST758,Charles,Wilson,18-04-2001,hsolomon@hotmail.com,942-691-8622
CUST759,Danielle,Martin,24-05-1969,jennifervillegas@hotmail.com,930.822.6600x77229
CUST760,Christine,Walker,03-08-1963,jessicajones@hotmail.com,965.739.0016
CUST761,Katie,Ramos,10-09-1980,ellisjohn@yahoo.com,298.990.7695x9767
CUST762,Yvonne,Smith,10-09-1949,knightheidi@yahoo.com,(596)542-9581x7530
CUST763,Kelly,Schmidt,18-01-1942,michael88@yahoo.com,+1-287-618-7929
CUST764,Charlotte,Henry,11-11-2002,pthomas@yahoo.com,589-200-5371x312
CUST765,Joyce,Acevedo,28-05-1953,whitejoshua@gmail.com,520.777.2817
CUST766,Crystal,Hernandez,15-06-1967,edward05@hotmail.com,+1-819-885-0077x5574
CUST767,Edward,Osborn,01-01-1980,jacqueline14@gmail.com,+1-285-447-1542x8731
CUST768,David,Fisher,25-07-1962,anna70@yahoo.com,+1-635-511-5901x7338
CUST769,Mark,Jacobs,17-10-1941,xweaver@hotmail.com,728.927.1023x0460
CUST770,Susan,Stewart,06-09-1965,manderson@gmail.com,001-291-869-7061x811
CUST771,Thomas,Green,08-03-1988,xmolina@yahoo.com,+1-795-638-8690
CUST772,Amanda,Lozano,03-01-1942,dominguezvictor@hotmail.com,776-677-1689x9466
CUST773,Benjamin,Leach,14-06-1943,castillomelissa@hotmail.com,(852)907-4367x763
CUST774,Trevor,Soto,21-09-1999,qmanning@gmail.com,(501)950-2225
CUST775,Kathy,Hughes,02-07-1950,mary65@yahoo.com,905.958.1715x778
CUST776,Ricardo,Rogers,22-04-1952,brucejones@yahoo.com,711-310-6923x0213
CUST777,William,Sanchez,03-09-1964,scampbell@hotmail.com,652-825-7713x59668
CUST778,Kimberly,Cox,17-06-1974,bbooth@gmail.com,001-457-476-5688x893
CUST779,Alicia,Mcdaniel,25-11-1975,robersoneric@yahoo.com,485-734-2820
CUST780,Anthony,Boyd,11-10-1957,foxlauren@gmail.com,001-947-426-0527x703
CUST781,Anita,Myers,31-03-1945,ysmith@yahoo.com,001-732-403-4375x2815
CUST782,Kayla,Richardson,05-06-1973,gshaw@gmail.com,6008563798
CUST783,David,Mcmahon,01-01-1954,hensonlisa@yahoo.com,(553)687-0920
CUST784,Phillip,David,02-08-1975,jonesjohnathan@gmail.com,(326)492-5453x066
CUST785,Jessica,Harris,24-06-1940,herreracarl@yahoo.com,697.676.8954x7861
CUST786,Kathryn,Payne,18-09-1972,goodwinaaron@yahoo.com,632.798.1253x175
CUST787,Jessica,Villarreal,19-10-1941,campbellchristine@hotmail.com,581.489.8497x0825
CUST788,Edward,Beasley,23-02-1999,alexandriajohnson@gmail.com,001-904-766-2214x5716
CUST789,Jeffrey,Lopez,31-05-1973,thomasjohns@hotmail.com,(798)973-1328x1912
CUST790,Frank,Price,23-04-1998,millerjanet@gmail.com,(664)609-2519x889
CUST791,Gary,Davis,29-08-1998,melissanunez@yahoo.com,856-820-8455
CUST792,Anthony,Carter,30-11-2003,veronicawatson@gmail.com,(893)213-0035x644
CUST793,Kathy,Williams,07-12-1986,sarah24@yahoo.com,2944711108
CUST794,Bradley,Fowler,05-08-1974,qbowman@yahoo.com,5752023168
CUST795,Denise,Simpson,24-09-1981,andreacastaneda@gmail.com,908.651.7657
CUST796,David,Marshall,18-03-1963,molinakristin@hotmail.com,+1-725-636-3790x30415
CUST797,Amanda,Burnett,15-05-1967,nguyenmatthew@hotmail.com,819-345-3281x29391
CUST798,Aaron,Jones,31-07-1971,larryglass@yahoo.com,574.420.7082
CUST799,Paul,Schultz,21-05-1944,maria01@yahoo.com,(330)308-4114
CUST800,Christopher,Foster,28-12-1943,veronica19@yahoo.com,+1-589-265-5533x72807
CUST801,Julie,Stone,19-09-1951,felicia12@yahoo.com,970.215.8395x136
CUST802,Jason,Ramos,29-08-2004,eric37@hotmail.com,312.897.2689x043
CUST803,Elizabeth,Gaines,30-04-1993,david93@gmail.com,001-383-201-7192x136
CUST804,Gabriela,Nunez,02-09-1992,zsweeney@hotmail.com,001-483-231-7463
CUST805,Karen,Wagner,14-08-1975,scott26@gmail.com,+1-275-308-4670
CUST806,Angela,Phillips,30-03-1987,qhudson@yahoo.com,+1-914-612-8770x954
CUST807,Brianna,Simpson,20-08-1975,dustin49@hotmail.com,669-446-2478x33845
CUST808,Charles,Bell,11-09-1945,umosley@gmail.com,001-323-523-4011x72625
CUST809,Thomas,Haney,07-06-1971,paulcole@yahoo.com,902.263.5221x1261
CUST810,Daniel,Morales,04-07-1969,kimberly15@gmail.com,9785889060
CUST811,Amy,Stewart,11-03-1962,nataliesmith@yahoo.com,+1-399-890-7254
CUST812,Sarah,Durham,31-08-1957,jennifergraves@yahoo.com,(234)768-7562
CUST813,Kevin,Webster,22-12-1947,crosbymichael@gmail.com,313.847.4589
CUST814,Anthony,Edwards,15-04-1966,kimberly20@hotmail.com,423-397-6500x4668
CUST815,Richard,Hart,26-12-2000,brucelozano@yahoo.com,001-249-400-1097x754
CUST816,Samuel,Perez,01-07-1966,bwilliams@yahoo.com,261.817.5642x1339
CUST817,Scott,Espinoza,10-03-1977,ronaldjohnson@hotmail.com,966.625.0667x83958
CUST818,April,White,05-07-1986,edgar86@yahoo.com,001-329-555-5154
CUST819,Alexis,Prince,20-11-1976,linda98@hotmail.com,+1-824-237-8180x998
CUST820,Christopher,Henderson,30-04-1967,ndennis@gmail.com,(697)358-8752x11207
CUST821,Joanne,Richardson,04-12-1990,ojones@yahoo.com,313-403-6777x30669
CUST822,Sara,Brown,21-09-1997,dhill@gmail.com,+1-912-475-4434x9760
CUST823,Diamond,Walker,01-01-1973,jennifer85@gmail.com,557-289-2877
CUST824,Rebecca,Larson,20-05-1941,justin15@hotmail.com,(333)807-0497
CUST825,Eric,Thompson,18-04-1971,vanessawright@hotmail.com,8019482795
CUST826,Corey,Barnes,01-06-1998,morenokatherine@gmail.com,001-895-218-0273x953
CUST827,Michael,Miller,29-07-2002,eyoung@gmail.com,001-983-803-2986x563
CUST828,Jesse,Barnes,25-12-2007,robert22@yahoo.com,544-609-3719x0040
CUST829,David,Jimenez,17-03-1941,iharris@gmail.com,612-712-2980
CUST830,Victoria,Solis,02-06-1969,jenna18@gmail.com,6162095088
CUST831,Katherine,Smith,06-10-1946,fmercado@yahoo.com,8175720444
CUST832,Justin,Rodriguez,23-01-1941,rchoi@hotmail.com,(771)518-1814
CUST833,Lisa,Barrett,11-11-1988,sarawiley@gmail.com,+1-637-775-9296x313
CUST834,Natasha,Thompson,17-05-1993,briannaflowers@hotmail.com,001-378-408-8036x077
CUST835,Randy,Welch,02-11-1993,steven05@hotmail.com,251-507-6289
CUST836,Victoria,Cole,24-10-1996,emily52@yahoo.com,200.977.0071
CUST837,Michael,Lyons,26-12-1966,katelyncox@hotmail.com,747-390-4211x35385
CUST838,Dawn,Ramsey,05-12-1951,kevin64@gmail.com,968.214.8070x1410
CUST839,Austin,Lopez,05-10-1997,vazquezjesse@yahoo.com,001-419-240-3190x63824
CUST840,Sandra,Jones,15-01-1974,deanna88@gmail.com,001-501-227-4463x59078
CUST841,Linda,Ramos,31-07-2003,jennifermedina@yahoo.com,+1-361-697-8417x99966
CUST842,Jeffrey,Aguilar,21-06-1990,meagan23@hotmail.com,8894740494
CUST843,Michael,Hoover,10-07-1973,brandon17@hotmail.com,492.620.0410x643
CUST844,Benjamin,Chase,05-01-1976,barreralaura@yahoo.com,751-926-8395x90860
CUST845,Tiffany,Roth,13-02-1946,haley12@hotmail.com,(907)453-9274
CUST846,Nicole,Black,11-08-1990,wileyjohn@gmail.com,5632771677
CUST847,Nicholas,Newman,29-01-1942,juliacaldwell@yahoo.com,+1-907-673-8920
CUST848,Michael,Lambert,08-05-1989,dianahanson@hotmail.com,2023443933
CUST849,Tina,Martin,20-08-2001,thomas88@gmail.com,6843240131
CUST850,Kimberly,Padilla,09-08-1966,mooremegan@hotmail.com,859.251.5253x4274
CUST851,Joel,Carpenter,01-05-1972,orozcolaura@gmail.com,(322)365-8698x604
CUST852,Christine,Bird,05-09-2003,catherinegates@gmail.com,256.853.3728
CUST853,Pamela,Adams,22-12-1941,jessica52@hotmail.com,251-290-0850x59621
CUST854,Gregory,Miller,13-02-1976,jvega@gmail.com,(857)512-0337
CUST855,Christopher,Nicholson,02-06-2007,nhernandez@gmail.com,426-901-0559
CUST856,Jeff,Parker,29-04-1952,austinchristina@hotmail.com,220.737.7127x218
CUST857,Abigail,Williamson,10-06-2003,timothywalker@gmail.com,388.511.9064x589
CUST858,Misty,Wiley,08-08-2002,frankwillis@gmail.com,(727)711-9161x4272
CUST859,Jennifer,Garrett,31-03-1945,caseysusan@yahoo.com,397.665.7856x327
CUST860,Marcus,Quinn,04-08-1998,wpeters@hotmail.com,243.476.1198x13142
CUST861,April,Johns,28-08-1958,gillespiedaniel@hotmail.com,001-751-323-5884x2138
CUST862,Nicholas,Harrell,06-11-1958,kmiller@yahoo.com,(873)838-7922
CUST863,Randall,Alexander,22-09-1957,jeremyhart@gmail.com,332.385.6453x94869
CUST864,Melissa,Johnson,29-10-1963,stewartemily@hotmail.com,(704)303-7659x140
CUST865,Danny,Matthews,05-11-1977,fraziermicheal@yahoo.com,224.988.8862x45183
CUST866,Gregory,Andrade,28-08-1940,qgrant@yahoo.com,+1-898-532-3617
CUST867,Elizabeth,Kennedy,06-11-2000,coopermark@yahoo.com,001-486-215-3459
CUST868,Mary,Moyer,18-09-1942,thomas07@yahoo.com,(816)282-0110
CUST869,Jennifer,Bowers,02-06-1958,hbenjamin@hotmail.com,001-492-615-6372x5880
CUST870,Emily,Moran,29-11-1962,evansbilly@yahoo.com,+1-876-305-7515
CUST871,Frank,Costa,18-06-2000,carteremily@gmail.com,206.530.5221
CUST872,Michael,Archer,18-06-2003,scottjames@gmail.com,(460)289-4695
CUST873,Luis,Johnson,21-11-1970,ericdiaz@hotmail.com,974.496.5380
CUST874,Ryan,Hernandez,30-05-1993,sharon08@yahoo.com,(214)348-7481x13139
CUST875,Jake,Harris,22-06-2003,riverachristopher@hotmail.com,833.412.6074
CUST876,Daniel,Hale,01-03-2000,nnewton@gmail.com,+1-273-323-2557x7035
CUST877,Nicole,Gordon,15-03-1999,josepharmstrong@gmail.com,001-335-801-5841
CUST878,Alicia,Gonzales,03-06-1960,greensarah@hotmail.com,331.935.6619x487
CUST879,Laura,Herrera,29-11-1998,kathleen31@yahoo.com,625.269.7409
CUST880,Elizabeth,Moore,22-03-2003,frenchjacob@hotmail.com,756.609.7631
CUST881,Danielle,Mcintyre,29-09-1945,mariahdurham@gmail.com,+1-392-616-7691
CUST882,Monique,Moore,19-11-1961,ijimenez@gmail.com,(881)977-5766x3905
CUST883,Christopher,Chapman,19-01-1962,mortonmelanie@gmail.com,584-636-0364
CUST884,Jason,Nichols,02-05-1959,sandra16@hotmail.com,928.343.1215
CUST885,Jennifer,Williams,14-07-1944,bromero@gmail.com,001-823-208-7184x69640
CUST886,Kenneth,White,27-11-1956,vargasderek@hotmail.com,984-534-2109
CUST887,John,Soto,26-08-1971,tsmith@hotmail.com,558.934.4470x82170
CUST888,Sharon,Kelley,12-03-1962,alexander97@hotmail.com,463-890-2373x2002
CUST889,Robert,Patterson,24-03-1985,kimsmith@yahoo.com,(210)329-9415x43309
CUST890,Erin,Velez,01-09-1941,amymoore@hotmail.com,001-497-330-7384x33914
CUST891,Cole,Norton,08-02-1975,shermandenise@gmail.com,984-360-2706
CUST892,Victoria,Brown,19-01-1977,yangjohn@gmail.com,+1-985-261-1933x863
CUST893,Amanda,Martinez,24-12-2005,sherriphillips@yahoo.com,641-307-7000x3962
CUST894,David,Henry,15-07-1986,holmesheather@hotmail.com,+1-303-878-4655x725
CUST895,Bobby,Bartlett,09-01-1946,andrew33@yahoo.com,+1-315-894-6611x1525
CUST896,Zachary,Hansen,13-11-1987,igomez@hotmail.com,(327)244-4968x00908
CUST897,Craig,Leon,20-09-1949,ryanroberts@hotmail.com,(224)638-0715
CUST898,Jillian,Rodriguez,23-11-2001,nowens@gmail.com,527.971.4061x3274
CUST899,Karen,Hutchinson,23-03-1979,robertjames@gmail.com,+1-948-862-8017x92927
CUST900,Phyllis,Nixon,26-03-1984,christopherwells@yahoo.com,958-928-9683x756
CUST901,Erica,Nguyen,27-06-1986,brownrebecca@yahoo.com,4643123349
CUST902,Alexander,Robinson,11-12-1972,pattersonsandra@hotmail.com,566-990-0524x1645
CUST903,Alicia,Thomas,07-12-2003,laurenwinters@gmail.com,+1-849-307-5699x2725
CUST904,Denise,Harris,15-05-1981,simmonskeith@gmail.com,223-499-5747x7013
CUST905,Laura,Little,16-10-1995,melissareeves@gmail.com,442-396-9115x8555
CUST906,James,Johnson,07-05-2001,cwilliams@yahoo.com,316.957.6004x09964
CUST907,David,Price,17-01-1962,brandon84@gmail.com,512-379-0939
CUST908,Jeffrey,Roy,17-07-1942,jennifermartinez@gmail.com,849.535.3424
CUST909,Jorge,Tran,06-08-1957,samuelkrueger@hotmail.com,5023916341
CUST910,Melody,Hanna,07-06-1987,aweber@hotmail.com,806-658-3844x497
CUST911,Jesse,Lynch,22-03-1976,jonathan96@hotmail.com,825.993.9433
CUST912,Philip,Baker,02-06-1973,jack70@yahoo.com,(972)358-3678x2655
CUST913,Elizabeth,Romero,01-04-1942,samanthaboyle@gmail.com,+1-727-679-7516x9777
CUST914,John,Martin,27-04-1950,isaacmedina@hotmail.com,775.767.7182
CUST915,Brandon,Robles,09-04-2000,joshua78@gmail.com,818.694.4101x3967
CUST916,Andrea,Lucero,30-07-1980,henry61@gmail.com,754.759.1142x0546
CUST917,Daniel,Olson,09-05-1960,michael49@yahoo.com,001-721-353-7526x56877
CUST918,Dominic,Stout,04-11-1988,karlewing@gmail.com,(821)204-2918
CUST919,Jennifer,Snyder,29-06-1985,lscott@gmail.com,610-296-2173x66314
CUST920,Linda,Moreno,22-02-2007,glynch@yahoo.com,(456)701-7388x744
CUST921,Laura,Page,23-09-1989,miranda11@yahoo.com,4175363411
CUST922,Diana,Harris,13-01-1963,mendozatimothy@yahoo.com,615-447-6472
CUST923,Marc,Harper,15-02-1994,michaelbrown@hotmail.com,+1-216-220-9913
CUST924,Kelly,Adams,19-02-1950,michelle67@yahoo.com,452-401-8473x408
CUST925,Matthew,Meyers,07-09-1947,jesse00@hotmail.com,606-949-0958
CUST926,Melissa,Mcclain,13-07-1983,tylervega@gmail.com,+1-733-694-4177x0771
CUST927,Patricia,Woodard,14-01-1979,cthompson@gmail.com,952.819.3174
CUST928,Noah,Farmer,17-09-2002,hlewis@gmail.com,792-932-1996x16746
CUST929,Timothy,Mccall,29-11-1984,fturner@yahoo.com,598.796.4806
CUST930,Steven,Smith,23-02-2006,baxterwayne@yahoo.com,(985)266-8369
CUST931,Tara,Moody,31-08-1983,vegachristopher@gmail.com,(684)816-0341x11715
CUST932,Richard,Anderson,25-11-1983,tuckerjessica@gmail.com,+1-877-784-4260x377
CUST933,Grant,Fernandez,18-03-1968,zsmith@hotmail.com,3742665674
CUST934,Kimberly,Hartman,06-10-1943,margaret22@yahoo.com,(512)641-0682
CUST935,Tony,Mendoza,11-11-1984,lindathompson@hotmail.com,+1-447-453-5333
CUST936,Tracy,Deleon,11-01-1991,angelalucas@gmail.com,(462)529-1655x0464
CUST937,Joel,Nash,02-03-2002,mitchelljose@yahoo.com,6875156645
CUST938,Sarah,Meyer,17-07-1947,martinezadam@gmail.com,9222489656
CUST939,Sarah,Shannon,09-09-1977,mcastro@hotmail.com,382.251.9836x9591
CUST940,Isabella,Reyes,16-07-1953,santosdenise@yahoo.com,(410)518-0164x0058
CUST941,Tristan,Smith,10-06-1970,moorewilliam@hotmail.com,001-357-557-8058x911
CUST942,Gina,Moore,23-11-1983,bbond@gmail.com,627.640.8669x83557
CUST943,Melanie,Bond,16-04-1963,dsimpson@hotmail.com,001-967-309-3830x075
CUST944,James,Martin,16-11-1958,thomas50@gmail.com,863-238-0763
CUST945,Mark,Drake,06-07-2004,daniel76@hotmail.com,001-605-709-0769x82688
CUST946,Tiffany,Clark,29-10-2003,chambersmichael@yahoo.com,869-683-0312
CUST947,Casey,Cummings,14-10-2005,orussell@hotmail.com,+1-260-606-1612x89787
CUST948,Shirley,Cook,17-01-1965,leslie18@yahoo.com,408-721-0180x3782
CUST949,Megan,Davis,08-08-2007,bishopalex@gmail.com,+1-272-743-5544x39991
CUST950,Michael,Lee,16-06-1978,kristinaknight@hotmail.com,(480)597-0750x76270
CUST951,Linda,Warner,08-05-1975,sharon49@gmail.com,+1-845-279-5243
CUST952,Jose,Edwards,30-12-1940,hthomas@hotmail.com,620.239.4114x633
CUST953,Brittany,Butler,13-01-1956,laurabaker@yahoo.com,9193687176
CUST954,Madeline,Stone,16-02-1956,heather42@hotmail.com,+1-808-911-1214x497
CUST955,Mary,Smith,25-01-2002,rhondarodriguez@hotmail.com,+1-470-599-0618x808
CUST956,Samuel,Jones,13-11-1997,jamessmith@gmail.com,(331)633-9185
CUST957,Paul,Evans,04-11-1971,rodriguezstephanie@yahoo.com,574-415-9715
CUST958,Kristina,Schwartz,15-09-1995,chadburns@gmail.com,(405)940-9500x7428
CUST959,Bradley,Wilson,28-07-1987,abbottkayla@yahoo.com,744-708-0807
CUST960,Marie,Evans,04-07-1943,kwood@hotmail.com,707.817.9285x197
CUST961,Cindy,Frank,24-06-1945,taylorrodney@hotmail.com,203.564.6852
CUST962,Joseph,Thompson,29-06-1974,millercarla@gmail.com,(500)988-4026
CUST963,Roger,Briggs,29-03-1953,julia46@gmail.com,819.481.2897
CUST964,Shane,Carter,11-07-2001,jamessmith@hotmail.com,+1-869-503-9683x304
CUST965,Diane,Wallace,09-02-1957,castanedaalexandria@yahoo.com,3564144664
CUST966,Dana,Castillo,08-04-2003,tharrington@hotmail.com,481-525-8485
CUST967,Tyler,James,29-07-1944,wilsonmichelle@hotmail.com,001-936-932-6145x560
CUST968,Christopher,Hall,03-05-1983,rfloyd@hotmail.com,564-438-5492x7384
CUST969,William,Sanders,01-02-1963,aaron09@yahoo.com,741-711-2369x28450
CUST970,Audrey,Randall,15-03-1994,qlewis@gmail.com,001-858-788-5009x08060
CUST971,Francisco,Gonzalez,31-03-1976,smithmadeline@gmail.com,267.282.7085x1046
CUST972,Tamara,Guerra,09-09-1957,margaretyork@yahoo.com,(881)587-1962x3489
CUST973,Kelly,Baker,28-02-1954,jonathon95@gmail.com,(758)697-2333x9454
CUST974,Benjamin,Mitchell,29-08-1955,samuelcraig@hotmail.com,7176381690
CUST975,Vincent,King,18-06-1968,smithrachel@gmail.com,+1-373-278-6369x35581
CUST976,Mariah,Pitts,07-05-1984,ephillips@gmail.com,554.347.6877x718
CUST977,Amanda,Welch,18-07-2006,rsanders@gmail.com,895-937-4103x542
CUST978,Robert,Li,09-12-1989,harveycathy@yahoo.com,001-602-510-9686x24019
CUST979,Robert,Sanders,05-06-1990,erinhurst@gmail.com,(943)314-1020x6421
CUST980,Lorraine,Garrett,26-04-1998,aliciaallen@hotmail.com,297.478.3096x7996
CUST981,Stephanie,Christensen,25-01-1957,kristine51@yahoo.com,(427)982-0910x67312
CUST982,Tracy,Wilkinson,23-08-1944,michelle25@yahoo.com,960-339-6316x6009
CUST983,Jessica,Williams,01-10-1950,nataliedavis@gmail.com,(313)661-2971x9751
CUST984,Sierra,Hunter,28-01-1945,npadilla@yahoo.com,285-236-4671x444
CUST985,Kimberly,Collins,19-07-1951,carolinewagner@hotmail.com,+1-330-819-1313x37400
CUST986,Joseph,Parker,16-06-1973,rglover@gmail.com,(871)220-9553
CUST987,Timothy,Bennett,06-02-2004,jacksonmaria@gmail.com,001-341-555-7895x84237
CUST988,Jenna,Long,06-12-1951,lauren13@yahoo.com,+1-925-799-2173x86006
CUST989,Patricia,Adkins,26-09-1974,fburton@gmail.com,+1-235-373-8742x3917
CUST990,Lauren,Lloyd,24-09-1975,frogers@yahoo.com,811.754.4154
CUST991,Amy,Parker,11-05-2000,kaitlyn86@yahoo.com,+1-882-763-2561x0048
CUST992,Adriana,Miller,10-01-1984,sherrymedina@yahoo.com,5708497314
CUST993,Steven,Martinez,03-12-1940,hodgespeter@yahoo.com,+1-791-846-2335x36425
CUST994,James,Young,16-12-1953,clarkisaac@gmail.com,(664)318-9745x306
CUST995,Rhonda,Gomez,23-01-1957,inelson@hotmail.com,+1-948-978-7852
CUST996,Edgar,Stevenson,31-08-1982,gibsonjoseph@yahoo.com,+1-441-564-3082x9889
CUST997,Bryan,Burns,16-05-1972,thompsonnicholas@yahoo.com,945-483-8608x948
CUST998,Jennifer,Dunlap,26-10-1990,lisacrawford@yahoo.com,+1-975-348-9331x86866
CUST999,Jonathan,Khan,14-04-2003,wademelissa@yahoo.com,(424)991-4415
CUST1000,Thomas,Stewart,13-04-1987,douglasjoseph@gmail.com,(879)557-7244x3404
