address_id,customer_id,line1,city,postcode,country
ADDR001,CUST001,26585 Pamela Crest,Allenburgh,14160,Myanmar
ADDR002,CUST002,64234 Powell Squares,North Robert,20757,Saint Kitts and Nevis
ADDR003,CUST003,716 Melissa Glen Apt. 479,Lake Ericfort,84955,Portugal
ADDR004,CUST004,0881 Olivia Shoal,Michaeltown,29440,Slovenia
ADDR005,CUST005,42187 Kristine Mall,Angelastad,25410,Bosnia and Herzegovina
ADDR006,CUST006,6389 Williams Lakes Suite 427,Garzaland,19997,Moldova
ADDR007,CUST007,8036 Williams Mountains Suite 463,Smithtown,24817,Myanmar
ADDR008,CUST008,87241 Daniel Park Apt. 929,West Stevenmouth,35591,Chad
ADDR009,CUST009,381 Michael Mountains Apt. 955,North Pamelaville,53876,Comoros
ADDR010,CUST010,283 James Rue,Morrismouth,86849,Thailand
ADDR011,CUST011,47019 Amy Junctions Apt. 020,Benjaminport,27775,India
ADDR012,CUST012,00093 Hughes Path Apt. 727,East Justinview,82913,Chile
ADDR013,CUST013,54603 Shawn Junctions Apt. 078,New Robinfurt,66677,Lesotho
ADDR014,CUST014,12120 Brittney Cape Apt. 860,Lake Lisamouth,86759,Djibouti
ADDR015,CUST015,2044 Richards Course Apt. 561,Port Garyville,21933,Slovakia (Slovak Republic)
ADDR016,CUST016,959 Gonzales Summit,Dawnhaven,63587,Morocco
ADDR017,CUST017,13255 Joe Stravenue Suite 497,Moranport,08895,Saint Helena
ADDR018,CUST018,6567 Lisa Walk,Brianmouth,16012,Saint Vincent and the Grenadines
ADDR019,CUST019,70847 Johnathan Court,Staceyfurt,25865,Thailand
ADDR020,CUST020,39287 Pearson Corners Apt. 567,New Ashley,75511,Greece
ADDR021,CUST021,4389 Richards Flats Suite 258,Bellshire,96174,Croatia
ADDR022,CUST022,65318 Jason Alley Apt. 390,Patriciaborough,98120,Estonia
ADDR023,CUST023,970 Dillon Freeway Apt. 651,Farmerburgh,42603,French Guiana
ADDR024,CUST024,223 Flores Green Apt. 786,Lake Waynehaven,27991,Swaziland
ADDR025,CUST025,6289 Michael Walk Suite 478,West Sierrashire,78870,Malawi
ADDR026,CUST026,002 Richard Ways Apt. 620,Adkinsshire,58131,Ethiopia
ADDR027,CUST027,92720 Jasmine Shore Apt. 938,West Gabrielleside,73428,Israel
ADDR028,CUST028,919 Margaret Court Apt. 963,Melissaview,50994,Djibouti
ADDR029,CUST029,435 James Field Suite 057,East Tylershire,37864,Saudi Arabia
ADDR030,CUST030,0849 Joanne Passage Suite 031,Port Kimberly,55151,Tajikistan
ADDR031,CUST031,62879 Robert Plaza,New Michaelhaven,58440,Cape Verde
ADDR032,CUST032,948 Monique Lodge,Laurenland,58571,Antigua and Barbuda
ADDR033,CUST033,995 Peck Harbors Apt. 167,New Randallburgh,10489,Lithuania
ADDR034,CUST034,3078 Misty Motorway,Samanthatown,64444,Bermuda
ADDR035,CUST035,06486 Martin Centers,Port Kaylastad,35907,Mauritius
ADDR036,CUST036,39545 Taylor Summit,Johnfurt,03643,South Georgia and the South Sandwich Islands
ADDR037,CUST037,6470 Mitchell Shoals Apt. 839,Port Susan,62046,Iraq
ADDR038,CUST038,8182 Edward Brook,Port Jeffreybury,30893,Belarus
ADDR039,CUST039,3517 James Drive,Brownstad,86601,Comoros
ADDR040,CUST040,52926 Todd Estates Apt. 992,South Maryfurt,42338,Nicaragua
ADDR041,CUST041,61067 Jon Springs Suite 121,New Matthew,42341,Guatemala
ADDR042,CUST042,41062 Mcmahon Fields Suite 204,North Elizabeth,05355,Nauru
ADDR043,CUST043,7392 Tiffany Glens Apt. 132,West Bradleyfurt,20573,Belarus
ADDR044,CUST044,6842 Steve Expressway Suite 768,West Thomas,99918,Saudi Arabia
ADDR045,CUST045,6952 Jennifer Mission Apt. 505,South Michaelborough,12380,Haiti
ADDR046,CUST046,941 Mitchell Lakes,Port David,18168,Cape Verde
ADDR047,CUST047,351 Phillips Locks Apt. 829,Port Sara,99165,Nepal
ADDR048,CUST048,13385 Perez Junctions,West Briannashire,26873,Barbados
ADDR049,CUST049,490 Reilly Station,South David,18255,Indonesia
ADDR050,CUST050,267 Jerry Shoal Apt. 715,Kellieland,67964,Estonia
ADDR051,CUST051,3167 Burch Mills,Robertsonside,53657,Denmark
ADDR052,CUST052,463 Gibson Passage,Alanland,65095,Korea
ADDR053,CUST053,2324 Amy Run Apt. 684,West Jacqueline,86374,Iceland
ADDR054,CUST054,020 Kelly Wall Suite 006,Lake Aprilbury,79407,Netherlands Antilles
ADDR055,CUST055,7684 John Motorway,Chandlermouth,32103,Comoros
ADDR056,CUST056,4932 Wade Roads Suite 177,North David,46329,Norfolk Island
ADDR057,CUST057,85064 Flores Square,New Nancy,78381,Bosnia and Herzegovina
ADDR058,CUST058,39582 James Stravenue,North Tara,51366,Yemen
ADDR059,CUST059,101 Marie Crossing,East Miguel,84327,Kiribati
ADDR060,CUST060,72403 Robert View Apt. 685,Port Hunterside,43270,Panama
ADDR061,CUST061,075 Daniel Bridge Suite 474,Noahview,11369,Peru
ADDR062,CUST062,489 Tara Stream,East Carolinefurt,63658,Japan
ADDR063,CUST063,641 Perez Burg Suite 352,Martinezshire,37045,Guernsey
ADDR064,CUST064,544 Rasmussen Drive Apt. 835,Port Holly,89526,Greece
ADDR065,CUST065,963 Davila Oval,Foxchester,91517,Korea
ADDR066,CUST066,374 Thomas Mountains,Sarafort,28624,Korea
ADDR067,CUST067,5804 Gordon Station Apt. 337,West Nancy,44570,Palau
ADDR068,CUST068,095 Rachel Vista,East Leviside,78773,Guinea-Bissau
ADDR069,CUST069,265 Marks Meadows Apt. 263,Davismouth,58356,Eritrea
ADDR070,CUST070,9288 William Plaza Apt. 846,Johnhaven,48785,Gabon
ADDR071,CUST071,50463 Max Place,Rowefurt,37090,Australia
ADDR072,CUST072,1532 James Valley,Smithberg,70162,Nauru
ADDR073,CUST073,305 Dennis Springs,Port Jimmyborough,82576,Malaysia
ADDR074,CUST074,53412 Micheal Mountains Apt. 728,Brianchester,79968,Macao
ADDR075,CUST075,01635 Wagner Valleys,Shaunshire,20003,Poland
ADDR076,CUST076,27563 Lauren Flats,West Holly,86699,Cocos (Keeling) Islands
ADDR077,CUST077,63239 Ramirez Villages Suite 850,East Robertport,21622,Nepal
ADDR078,CUST078,60300 Larson Forges Suite 179,East Jeffrey,57039,Eritrea
ADDR079,CUST079,47611 Richard Prairie,Williamsburgh,98177,Puerto Rico
ADDR080,CUST080,108 Greer Causeway Apt. 821,West Lauren,93593,Cape Verde
ADDR081,CUST081,77305 Taylor Squares Apt. 093,New Clifford,19779,Jersey
ADDR082,CUST082,53362 Allen Fort,Lake Brian,62983,Trinidad and Tobago
ADDR083,CUST083,3232 Carlson Shoals,East Amy,43554,Dominica
ADDR084,CUST084,98715 Larry Parks,Port Ashley,69188,Israel
ADDR085,CUST085,6320 Johnson Locks Apt. 141,East Matthewland,34801,Jamaica
ADDR086,CUST086,053 Stout Drives Apt. 837,Davidshire,78946,Niue
ADDR087,CUST087,1718 Benjamin Curve,West Morganburgh,06994,Portugal
ADDR088,CUST088,74132 Fox Roads Suite 653,Jasonville,57097,Serbia
ADDR089,CUST089,763 Kimberly Vista,Hardinmouth,73520,Malaysia
ADDR090,CUST090,967 Sanders Alley Suite 639,Port Brandiborough,93890,Moldova
ADDR091,CUST091,4640 Rodriguez Cove,Abbottfort,43027,Botswana
ADDR092,CUST092,9841 Skinner Pass,New Joe,52705,Wallis and Futuna
ADDR093,CUST093,2008 Gavin Springs Suite 302,Sullivanmouth,88349,Haiti
ADDR094,CUST094,60437 Smith Center Apt. 380,South Johnville,08947,Tokelau
ADDR095,CUST095,941 Stewart Springs,Lake Benjamin,78310,Serbia
ADDR096,CUST096,587 Sonia Mission Suite 719,South Scottview,53378,Greenland
ADDR097,CUST097,7878 Jordan Groves,Laurentown,75531,Papua New Guinea
ADDR098,CUST098,82337 Fletcher Field Suite 217,Valenciaton,51089,Tokelau
ADDR099,CUST099,88672 Mark Islands Apt. 232,Kentfort,99780,Romania
ADDR100,CUST100,242 Joe Run,Wrightside,84067,Cocos (Keeling) Islands
ADDR101,CUST101,4288 Kelly Roads Apt. 146,Matthewburgh,73662,Israel
ADDR102,CUST102,03516 Flores Forges,South Cory,93904,Latvia
ADDR103,CUST103,6617 Simmons Crest,Lowestad,97377,Ecuador
ADDR104,CUST104,021 Martinez Court,Savageburgh,65966,Tokelau
ADDR105,CUST105,4142 Cole Viaduct,Burtonbury,73420,Greece
ADDR106,CUST106,80550 Contreras Mount Apt. 882,South Stephanie,37232,Niue
ADDR107,CUST107,28079 Kelly Ramp,Lake Jeremy,35532,Antarctica (the territory South of 60 deg S)
ADDR108,CUST108,5188 Irwin Islands Suite 462,Port Matthew,42377,Bulgaria
ADDR109,CUST109,007 Cynthia Light,Shawnfort,16075,Kazakhstan
ADDR110,CUST110,9188 Dan River,East Andrewland,86707,Benin
ADDR111,CUST111,704 Hughes Ridges,Michaelton,20191,Palestinian Territory
ADDR112,CUST112,69697 Anna Mews,Port Daniellehaven,58996,San Marino
ADDR113,CUST113,15284 Scott Underpass Suite 788,South Catherinemouth,54947,Ecuador
ADDR114,CUST114,5202 Barron Forge Suite 320,Johnnyton,60970,Kyrgyz Republic
ADDR115,CUST115,42117 Danielle Extensions Suite 374,Kathrynview,69444,United Arab Emirates
ADDR116,CUST116,783 Traci Junctions Apt. 946,Anthonystad,87359,Ukraine
ADDR117,CUST117,62207 Jeffrey Rapids Suite 964,Markchester,16926,Djibouti
ADDR118,CUST118,611 Le Stravenue,South Michealfurt,16977,Bangladesh
ADDR119,CUST119,521 Allen Union Suite 424,North Jessica,33525,Greenland
ADDR120,CUST120,9732 Morgan Mount,Jamesside,96146,Brunei Darussalam
ADDR121,CUST121,889 Campbell Mall,Port Markborough,56288,India
ADDR122,CUST122,613 Wilson Mills Suite 837,New Heather,13572,Greece
ADDR123,CUST123,994 Brandon View Suite 136,Lake Tammy,11893,Rwanda
ADDR124,CUST124,5569 Tracy Crossing,South Tommyberg,81908,Niger
ADDR125,CUST125,241 Smith Prairie,Johnsonland,80144,Syrian Arab Republic
ADDR126,CUST126,8878 Jennifer Ramp Suite 543,Patrickview,65105,Niger
ADDR127,CUST127,24215 Arnold Unions Apt. 319,North Janet,53802,South Georgia and the South Sandwich Islands
ADDR128,CUST128,88987 Diaz Ferry,East Nicholas,99268,France
ADDR129,CUST129,91112 Flowers Trail,Nicholaston,20643,Poland
ADDR130,CUST130,10529 Davis Hill Suite 608,East Robertberg,71951,Israel
ADDR131,CUST131,7248 Hughes Brooks Suite 952,Garciaton,70128,Haiti
ADDR132,CUST132,1692 Keith Union,New Jenniferstad,74531,Guyana
ADDR133,CUST133,622 Joseph Unions Suite 149,North Michael,67479,Montserrat
ADDR134,CUST134,89704 Garza Knoll,Hahnville,14217,Malaysia
ADDR135,CUST135,5164 Alicia Village,West Melissa,67696,Saint Barthelemy
ADDR136,CUST136,9282 William Pass Suite 651,South Bryan,45592,Panama
ADDR137,CUST137,773 King Greens Suite 401,South Nathaniel,30396,Antarctica (the territory South of 60 deg S)
ADDR138,CUST138,0118 Stewart Ferry Suite 567,Lake Matthewville,33693,Greece
ADDR139,CUST139,32769 Cohen Common,Mcculloughfurt,18422,Greenland
ADDR140,CUST140,733 Ryan Flat,Port Jessica,50737,Equatorial Guinea
ADDR141,CUST141,9081 Mcmahon Burgs Suite 726,Piercetown,68500,South Africa
ADDR142,CUST142,774 Williams Points Apt. 406,South Kenneth,03739,Togo
ADDR143,CUST143,827 Eric Route,Dennisbury,19193,Macao
ADDR144,CUST144,3666 Alan Walks,Dominicfurt,83005,Chile
ADDR145,CUST145,9770 Rachael Road,Brandonview,69061,Burundi
ADDR146,CUST146,79122 Scott Ville Suite 890,Gonzaleston,61374,South Africa
ADDR147,CUST147,0287 Yvonne Cove,Williamsonhaven,79512,Greenland
ADDR148,CUST148,16150 Andrew Mills Suite 965,Ellenside,88060,Niue
ADDR149,CUST149,27758 Stephens Pines,Elizabethhaven,83852,Japan
ADDR150,CUST150,8150 Woods Ports Apt. 768,Masonborough,24562,Sierra Leone
ADDR151,CUST151,1478 Gomez Lodge,New Davidbury,01071,Germany
ADDR152,CUST152,812 Jeffrey Well,Port Barryborough,69740,Bhutan
ADDR153,CUST153,724 Michelle Pine,West Kellybury,50313,Malawi
ADDR154,CUST154,28626 Richard Corner,Hollandmouth,16393,Burkina Faso
ADDR155,CUST155,7587 Kristopher Greens Apt. 038,Mackton,19287,Guadeloupe
ADDR156,CUST156,555 Amy Groves,Hansonview,82706,Armenia
ADDR157,CUST157,11118 Anne Hollow Apt. 288,Lake Danielburgh,66036,Argentina
ADDR158,CUST158,01341 Hall Roads,Feliciafurt,37637,Puerto Rico
ADDR159,CUST159,7938 Henderson Circles Apt. 075,Lindseyburgh,42390,Taiwan
ADDR160,CUST160,430 Thomas Locks Apt. 298,Griffithfort,76538,South Georgia and the South Sandwich Islands
ADDR161,CUST161,9528 John Ridges,New Beverlyport,19895,Dominica
ADDR162,CUST162,729 Gates Stream,Andreaview,55026,Swaziland
ADDR163,CUST163,9044 George Estates,West Brandon,33301,Antarctica (the territory South of 60 deg S)
ADDR164,CUST164,809 Robert Lights,South Megan,22628,Saint Lucia
ADDR165,CUST165,696 Anderson Causeway,Williamberg,72976,Nicaragua
ADDR166,CUST166,46993 Hill Parkway,Patriciaburgh,73230,Belize
ADDR167,CUST167,70616 Tanner Flat,North Davidfort,87782,Canada
ADDR168,CUST168,98779 Alyssa Coves,New Stefanie,23681,Reunion
ADDR169,CUST169,8819 Tiffany Harbor Apt. 922,Olsenborough,64452,Ireland
ADDR170,CUST170,70118 Christensen Divide Apt. 570,East Barbara,10085,French Guiana
ADDR171,CUST171,70708 Deborah Route,North Kellymouth,90484,Svalbard & Jan Mayen Islands
ADDR172,CUST172,668 Smith Street Apt. 064,Smithfort,51096,Faroe Islands
ADDR173,CUST173,8421 Pace Inlet,North Paulfurt,45572,Norway
ADDR174,CUST174,0210 Madison Isle,Johnsonton,55971,Albania
ADDR175,CUST175,221 Gibson Ranch,West Vincent,53887,Vanuatu
ADDR176,CUST176,53062 Gibson Gardens Suite 524,East Jefferyland,98279,United Arab Emirates
ADDR177,CUST177,0794 Mary Station,Port Brettmouth,93264,Guinea
ADDR178,CUST178,960 Carroll Rue Suite 833,Solisburgh,08651,Nigeria
ADDR179,CUST179,87814 Stout Falls,Garrettstad,93209,Philippines
ADDR180,CUST180,0948 Daniel Street Suite 785,West Johnton,99189,Antarctica (the territory South of 60 deg S)
ADDR181,CUST181,02343 Wallace Mills,Jeffersonton,33826,Moldova
ADDR182,CUST182,29420 Jennifer Court Suite 214,Port Charles,47128,Seychelles
ADDR183,CUST183,8113 Bowers Pass,Rachelmouth,14840,Reunion
ADDR184,CUST184,014 Moyer Manors Suite 213,North Markview,67538,Vanuatu
ADDR185,CUST185,9441 Fisher Inlet,North Laura,78397,Syrian Arab Republic
ADDR186,CUST186,539 Dyer Hollow Apt. 701,Nicholschester,17522,Zimbabwe
ADDR187,CUST187,6878 Garner Extensions Suite 770,Lake Ana,81177,Seychelles
ADDR188,CUST188,89073 Aguilar Plaza Suite 481,Lake Amber,93058,Bermuda
ADDR189,CUST189,3907 Julie Expressway Suite 847,Abbottmouth,30006,Faroe Islands
ADDR190,CUST190,30173 Jonathan Ramp,South Catherine,78058,Sao Tome and Principe
ADDR191,CUST191,370 Clark Stream Apt. 438,Davidburgh,57475,New Caledonia
ADDR192,CUST192,633 Ferguson Plains,Brownfurt,94461,Vanuatu
ADDR193,CUST193,21786 Clayton Stream Apt. 732,Alexfort,67443,United States of America
ADDR194,CUST194,45203 Daniel Ferry Suite 678,East Randall,77801,Chad
ADDR195,CUST195,617 King Highway Apt. 931,North David,73793,Djibouti
ADDR196,CUST196,2000 Matthew Fields,Cranefort,99069,Sweden
ADDR197,CUST197,2863 Graves Loop,Hallberg,49588,Denmark
ADDR198,CUST198,01151 Melissa Skyway,Johnton,43866,Honduras
ADDR199,CUST199,2315 Ryan Rue Suite 844,Angelastad,51959,Serbia
ADDR200,CUST200,975 Nicholas Branch,Lake Jamesborough,30433,Grenada
ADDR201,CUST201,704 Tammy Ferry Apt. 114,North Jacobtown,65817,Christmas Island
ADDR202,CUST202,269 Castillo Estates,Jimenezhaven,65744,Nepal
ADDR203,CUST203,115 Ward Isle,East Zachary,79065,Guadeloupe
ADDR204,CUST204,6700 Gonzalez Burg Suite 700,Maxwellside,20674,Saint Vincent and the Grenadines
ADDR205,CUST205,37568 Stacey Vista,Port Andrew,11844,El Salvador
ADDR206,CUST206,4480 Kerr Courts Apt. 945,Averyfurt,74339,Saint Martin
ADDR207,CUST207,55157 Kurt Glens Suite 083,Patrickmouth,56171,Sri Lanka
ADDR208,CUST208,629 Kennedy Village,Scotttown,09866,Mongolia
ADDR209,CUST209,76852 Thompson Spring,Lawsonland,58143,Sri Lanka
ADDR210,CUST210,631 Jordan Drives,Alexanderstad,73600,Libyan Arab Jamahiriya
ADDR211,CUST211,8255 Malone Plains,Lake Davidmouth,19774,Central African Republic
ADDR212,CUST212,262 Benjamin Turnpike,Reyesborough,99201,Malaysia
ADDR213,CUST213,117 Smith Brooks Apt. 063,Rodriguezhaven,93031,Georgia
ADDR214,CUST214,9844 Ortiz Street,Virginiaport,54843,Swaziland
ADDR215,CUST215,90765 Casey Camp Apt. 531,Martinchester,11363,Singapore
ADDR216,CUST216,8053 Sarah Avenue Apt. 813,Valdezborough,41848,Seychelles
ADDR217,CUST217,53482 Medina Junction Apt. 788,East Jessicatown,55507,Azerbaijan
ADDR218,CUST218,66005 Pace Ways,Fischerport,22137,Eritrea
ADDR219,CUST219,99503 Alexander Plaza,East Brian,70727,Holy See (Vatican City State)
ADDR220,CUST220,814 Kathryn Stravenue,Ricardoburgh,90121,Venezuela
ADDR221,CUST221,680 Greene Point Suite 349,East Patriciaview,83484,Northern Mariana Islands
ADDR222,CUST222,558 Pennington Circles Apt. 505,New Kevinport,67432,North Macedonia
ADDR223,CUST223,069 Taylor Avenue,Melissahaven,04865,Anguilla
ADDR224,CUST224,2835 Powell Ports Apt. 379,North Erikchester,67365,Georgia
ADDR225,CUST225,926 Berry Stravenue,Lake Jasmine,23270,Namibia
ADDR226,CUST226,575 Jessica Junction,Palmershire,34042,Tunisia
ADDR227,CUST227,613 Jennifer Groves,Rubenborough,95846,Mauritania
ADDR228,CUST228,8234 Bishop Walks,Amberfurt,28189,Papua New Guinea
ADDR229,CUST229,5640 Boyer Plaza Suite 413,Markshire,10807,China
ADDR230,CUST230,7877 Mark Dam,Smithland,80347,Mali
ADDR231,CUST231,656 Gutierrez Club,Johnathanborough,45443,Montenegro
ADDR232,CUST232,7014 Lewis Rapids,South Peterchester,74510,Senegal
ADDR233,CUST233,279 Cox Drive,Hernandezville,64483,Faroe Islands
ADDR234,CUST234,73034 Mathis Stravenue Apt. 237,Port Matthew,94897,Swaziland
ADDR235,CUST235,0227 Matthew Summit Suite 196,North Rileyberg,96153,Costa Rica
ADDR236,CUST236,9411 Lewis Plains,Nielsenstad,48400,Chile
ADDR237,CUST237,71285 Martinez Manors,Morsemouth,23261,Papua New Guinea
ADDR238,CUST238,8311 Brian Wall,East Elizabethborough,93802,Morocco
ADDR239,CUST239,9075 Alejandra Freeway,New Christopher,59795,Canada
ADDR240,CUST240,7332 Martin Locks Suite 596,West Kimberlyborough,05997,Afghanistan
ADDR241,CUST241,130 Matthew Underpass,Port Christopherberg,61667,French Southern Territories
ADDR242,CUST242,5159 Bennett Stream Apt. 804,Lake Heather,16249,Haiti
ADDR243,CUST243,0727 Cooper Ridge Apt. 398,North Katherine,47271,Belgium
ADDR244,CUST244,716 Benjamin Square Apt. 538,West Amy,29165,Taiwan
ADDR245,CUST245,025 Taylor Lane Apt. 420,Port Samanthafort,97598,Guernsey
ADDR246,CUST246,4178 Ashley Course,Port Daniel,22435,Benin
ADDR247,CUST247,33041 Rose Turnpike,Kylefort,45590,British Indian Ocean Territory (Chagos Archipelago)
ADDR248,CUST248,70010 Carl Underpass,Port Shawnfurt,66161,Ireland
ADDR249,CUST249,466 Courtney Island Suite 314,Rothburgh,69577,Palestinian Territory
ADDR250,CUST250,626 Robbins Bypass,Reedmouth,79582,Pakistan
ADDR251,CUST251,99162 Joshua Common,Francoburgh,63204,Mauritius
ADDR252,CUST252,60972 Campbell Lane,Orrfort,64168,Bouvet Island (Bouvetoya)
ADDR253,CUST253,03369 Barbara Summit Suite 380,Jamietown,40929,Guatemala
ADDR254,CUST254,277 Sabrina Square,Stephaniemouth,68436,Cocos (Keeling) Islands
ADDR255,CUST255,4881 Mark Mountains Apt. 494,Lake Justin,60250,American Samoa
ADDR256,CUST256,04202 Dylan Flat,Courtneyburgh,67538,Kiribati
ADDR257,CUST257,5614 Mary Square Suite 499,East Michaelbury,71623,Portugal
ADDR258,CUST258,2924 Lara Pass Suite 424,Davishaven,61596,Sri Lanka
ADDR259,CUST259,5647 Robles Villages Apt. 780,Sandrafurt,01509,Thailand
ADDR260,CUST260,96701 Martinez Well,Charlesshire,52311,France
ADDR261,CUST261,4290 Maria Meadow,North Charlotte,33396,Rwanda
ADDR262,CUST262,434 Simpson Wells Suite 607,Bondberg,81478,Cape Verde
ADDR263,CUST263,77253 Paul Green Apt. 785,Taraview,59625,Liberia
ADDR264,CUST264,54471 Mitchell Oval,New Lorihaven,90900,Grenada
ADDR265,CUST265,84737 Pierce Flats Suite 703,East Christopher,34625,Togo
ADDR266,CUST266,542 Terrell Valley Suite 075,Lake Terrencemouth,94491,Malaysia
ADDR267,CUST267,0802 Leslie Port Apt. 885,Port Scottland,98439,Mauritius
ADDR268,CUST268,3971 Justin Heights Apt. 122,Garciabury,20511,Botswana
ADDR269,CUST269,325 Contreras Underpass Apt. 147,Michaelberg,00549,Malawi
ADDR270,CUST270,2618 Melendez Springs,Port Pamelaberg,62400,Suriname
ADDR271,CUST271,6591 Dixon Forks Suite 479,Stevenchester,51199,Belarus
ADDR272,CUST272,533 Lopez Corners,Lake Destiny,45119,Venezuela
ADDR273,CUST273,83742 Snyder Place Suite 214,Lindseyton,25922,Mayotte
ADDR274,CUST274,389 Shane Points Apt. 482,Kathleenstad,92364,Bosnia and Herzegovina
ADDR275,CUST275,313 Alicia Plain Suite 353,East Richardside,10066,Greece
ADDR276,CUST276,84337 Ann Fords Apt. 655,Lake Cheryl,48442,Ghana
ADDR277,CUST277,0999 Garcia Centers Apt. 388,New Michelle,69954,Barbados
ADDR278,CUST278,54000 Wood Coves Apt. 870,South Johnnymouth,52394,Peru
ADDR279,CUST279,7409 Ross Corner Suite 065,Haleyton,14275,Romania
ADDR280,CUST280,8698 Nunez Junction Suite 302,Christinaborough,15093,Gambia
ADDR281,CUST281,43124 Murphy Underpass Suite 316,West Lindsay,06045,Macao
ADDR282,CUST282,8279 Kaitlyn Station,Wellsstad,42929,Tonga
ADDR283,CUST283,89031 Kayla Summit Suite 455,Charlesburgh,75633,France
ADDR284,CUST284,95816 Karen Locks Apt. 274,North Lauren,49851,Saint Barthelemy
ADDR285,CUST285,2348 Miller Glens Apt. 984,Lake Rebecca,13021,Latvia
ADDR286,CUST286,0799 Martinez View,Randyshire,65553,New Zealand
ADDR287,CUST287,507 Timothy Ridges Apt. 564,Port Randall,98198,Syrian Arab Republic
ADDR288,CUST288,14392 David Roads,New Catherine,89626,Bulgaria
ADDR289,CUST289,596 Mason Walk,Lake Matthewmouth,83824,Burkina Faso
ADDR290,CUST290,9539 Jennifer Forest,Murphyview,98540,Timor-Leste
ADDR291,CUST291,6315 Rivera Parkways Apt. 119,Port Evanfurt,69230,Saint Lucia
ADDR292,CUST292,74561 Kristin Ridges,East Karaside,56427,Syrian Arab Republic
ADDR293,CUST293,3749 Roberts Causeway Apt. 865,East Josephmouth,64236,Djibouti
ADDR294,CUST294,88324 Lisa Ford,Margaretfort,18568,Kenya
ADDR295,CUST295,8212 Natalie Green Suite 258,Stevenhaven,13914,Angola
ADDR296,CUST296,653 Phillips Cliff Apt. 971,Powersmouth,61145,Puerto Rico
ADDR297,CUST297,289 Clements Burg Apt. 168,West Briantown,63269,Trinidad and Tobago
ADDR298,CUST298,375 Sarah Greens Apt. 629,Johnfurt,97141,Wallis and Futuna
ADDR299,CUST299,497 Cynthia Keys Suite 501,Lake Brianborough,73156,Saint Lucia
ADDR300,CUST300,18444 Anthony Landing Apt. 333,South Kimberlychester,75453,Suriname
ADDR301,CUST301,1461 Collins Springs Apt. 636,Madelineburgh,27819,San Marino
ADDR302,CUST302,99895 Morales Falls,New Tyler,07776,Myanmar
ADDR303,CUST303,28655 Clayton Parkway,Mooremouth,19945,Jersey
ADDR304,CUST304,09365 Taylor Road,Jonmouth,52137,Saint Vincent and the Grenadines
ADDR305,CUST305,198 Reynolds Trail,Kristamouth,37814,Venezuela
ADDR306,CUST306,724 Melissa Plains Suite 143,Lake Grant,61678,South Africa
ADDR307,CUST307,9127 Sharon Ramp,New Jennifer,94871,Haiti
ADDR308,CUST308,90907 Wilson Overpass,South Mary,40703,Panama
ADDR309,CUST309,47155 Emma Fords Apt. 961,New Michael,46493,Bouvet Island (Bouvetoya)
ADDR310,CUST310,235 Riley Expressway,West William,67566,Holy See (Vatican City State)
ADDR311,CUST311,797 Pamela Point Suite 688,East Dawnberg,59427,Morocco
ADDR312,CUST312,109 Mccoy Parks Suite 291,Waltonport,58274,South Africa
ADDR313,CUST313,82312 Brewer Unions Suite 196,Christopherside,80736,Western Sahara
ADDR314,CUST314,783 Shah Hills Suite 352,Johnmouth,77226,Taiwan
ADDR315,CUST315,577 Wade Lodge,Mezafort,86140,Niue
ADDR316,CUST316,86970 Lindsey Glen Apt. 441,East Meganfort,32871,Kiribati
ADDR317,CUST317,0198 Mcmillan Mountain Suite 607,Heathbury,88435,Isle of Man
ADDR318,CUST318,5320 Kennedy Way Suite 574,South Chad,26066,Tonga
ADDR319,CUST319,1865 Lee Crossing Suite 580,New Garrett,73740,Vanuatu
ADDR320,CUST320,7388 Tate Passage,West Nancychester,37185,Guyana
ADDR321,CUST321,88055 Robin Terrace,Kingbury,51335,Malawi
ADDR322,CUST322,66415 Miles Throughway,Frankfort,17278,Myanmar
ADDR323,CUST323,1281 Lang Motorway Suite 658,East Erinside,52753,Antarctica (the territory South of 60 deg S)
ADDR324,CUST324,56322 Jennifer Mission Suite 972,South Andreaport,38515,Russian Federation
ADDR325,CUST325,94141 Joy Court Suite 750,East Tricia,36290,Tuvalu
ADDR326,CUST326,6551 Jimmy Parkways Apt. 639,Parkfort,76816,Suriname
ADDR327,CUST327,1055 Meadows Lane,West Connie,37357,Burundi
ADDR328,CUST328,534 Obrien Canyon Suite 047,Kimberlybury,92210,Congo
ADDR329,CUST329,205 Jones Corner,Patrickstad,85443,Slovakia (Slovak Republic)
ADDR330,CUST330,659 Lorraine Field,Aaronview,53390,Cyprus
ADDR331,CUST331,348 Donna Canyon,Amandaborough,70919,American Samoa
ADDR332,CUST332,847 Hughes Roads Apt. 013,Fieldsport,62629,Jersey
ADDR333,CUST333,238 Green Village Apt. 914,New William,27467,Morocco
ADDR334,CUST334,8757 Herman Crescent,South Wandaborough,24648,El Salvador
ADDR335,CUST335,28367 Amber Tunnel Apt. 655,Joshuabury,15097,Guyana
ADDR336,CUST336,168 Hendrix Summit Suite 674,Sherryfurt,77813,Sweden
ADDR337,CUST337,664 Thomas Ford Apt. 583,Port Elizabethtown,00520,Bosnia and Herzegovina
ADDR338,CUST338,571 Rodriguez Mills,Tomville,75275,Reunion
ADDR339,CUST339,31949 Foster Lake Apt. 251,Fergusonmouth,81326,Gabon
ADDR340,CUST340,0174 Tiffany Village Apt. 957,South Andrew,39194,Belgium
ADDR341,CUST341,66391 Wilson Mission Suite 316,Lake Brad,76378,India
ADDR342,CUST342,2928 Eric Pine Apt. 819,Hallborough,83309,Bhutan
ADDR343,CUST343,42585 Garcia River,North Ashley,69619,Italy
ADDR344,CUST344,05835 Saunders Mills,Wilsonton,57612,Taiwan
ADDR345,CUST345,96684 Christian Port Suite 053,North Tonyaberg,51874,Chile
ADDR346,CUST346,770 Mary Ville,Leonardfurt,79757,Zambia
ADDR347,CUST347,982 Laura Isle Apt. 862,Port Victoria,37433,Nauru
ADDR348,CUST348,598 Julie Mountains Apt. 508,Lake Markfort,60944,Ukraine
ADDR349,CUST349,21996 Allen Spurs,Tammymouth,95738,Swaziland
ADDR350,CUST350,6935 Elizabeth Trafficway,Thomasside,07637,Syrian Arab Republic
ADDR351,CUST351,420 Mark Knoll,North Teresa,78183,Congo
ADDR352,CUST352,47904 Tyler Neck,Kathleenshire,41126,Syrian Arab Republic
ADDR353,CUST353,863 Williams Lock,Riveraport,91803,Macao
ADDR354,CUST354,662 Scott Junction,Stevenbury,84924,Montenegro
ADDR355,CUST355,539 Shepard Estate,Andrewland,64709,American Samoa
ADDR356,CUST356,15071 Harry Isle Apt. 397,New Williammouth,72013,Estonia
ADDR357,CUST357,3095 John Mews,Yoderton,56548,Nauru
ADDR358,CUST358,247 Conley Underpass,East Rodneyland,22817,Syrian Arab Republic
ADDR359,CUST359,64980 Brian Track,North Edwardtown,72627,Angola
ADDR360,CUST360,8605 Peter Stravenue,Erinmouth,42031,Timor-Leste
ADDR361,CUST361,5701 Joseph Center Apt. 525,Port Jamiemouth,16242,French Polynesia
ADDR362,CUST362,55576 Pierce Square Apt. 348,South Martinshire,52696,Turkmenistan
ADDR363,CUST363,3208 Rowe Brook,North Davidview,29597,Niue
ADDR364,CUST364,3912 Daniel Cliff Apt. 759,Matthewtown,73471,United States of America
ADDR365,CUST365,21986 Blevins Track Suite 742,Hillview,11518,North Macedonia
ADDR366,CUST366,85343 Brenda Common,Evanschester,59573,French Guiana
ADDR367,CUST367,017 Tracy Trail Suite 904,New Melissaville,87982,Burkina Faso
ADDR368,CUST368,80608 Boyd Way,Samuelport,67704,Anguilla
ADDR369,CUST369,066 Whitney Turnpike Apt. 915,South Ericastad,19591,Hong Kong
ADDR370,CUST370,416 Smith Courts Suite 841,South Ashley,22178,Costa Rica
ADDR371,CUST371,629 Benjamin Branch,Christensenfort,68134,Niger
ADDR372,CUST372,18890 Grant Camp Suite 516,Brandtmouth,64291,Senegal
ADDR373,CUST373,35371 Thomas Lodge Suite 443,Monicaburgh,23558,Ecuador
ADDR374,CUST374,704 Julie Lights Suite 887,New Margaretfurt,47446,Pitcairn Islands
ADDR375,CUST375,9653 Michael Meadow,North Lorrainemouth,02269,Czech Republic
ADDR376,CUST376,5639 Dean Ridge,Amberhaven,36120,China
ADDR377,CUST377,9203 Stephen Key,Port Lauren,21681,Uzbekistan
ADDR378,CUST378,5346 Jonathan Forge,New Ronaldville,02695,Marshall Islands
ADDR379,CUST379,5443 Hanna Burg Apt. 542,North Gregory,06099,Morocco
ADDR380,CUST380,05341 Timothy Ridge Apt. 570,Lake Dillon,70916,Seychelles
ADDR381,CUST381,40216 Johnson Orchard Suite 817,Lisaport,86687,Gibraltar
ADDR382,CUST382,3665 Sandra Street,East Zacharyfurt,41243,South Africa
ADDR383,CUST383,8985 Knight Plains Apt. 944,South Veronicaburgh,12586,Pitcairn Islands
ADDR384,CUST384,412 Peterson Village Apt. 205,Andradechester,53853,Malaysia
ADDR385,CUST385,596 Stephen Spring,West Monicaberg,48265,Algeria
ADDR386,CUST386,48527 Jeffrey Fork,New Brendamouth,21619,Australia
ADDR387,CUST387,73942 Johnson Prairie Apt. 679,East John,04532,Papua New Guinea
ADDR388,CUST388,04788 John Plains Apt. 839,Perezview,23134,Czech Republic
ADDR389,CUST389,458 Armstrong Square Apt. 771,Wrightburgh,95066,Gibraltar
ADDR390,CUST390,172 Eric Isle Suite 379,Lake Jacqueline,87891,Antarctica (the territory South of 60 deg S)
ADDR391,CUST391,2751 Gary Well Suite 658,Geraldport,27873,Georgia
ADDR392,CUST392,59687 Olson Keys,West Brandistad,19817,Gambia
ADDR393,CUST393,50375 Strong Points,Jacobbury,03767,Myanmar
ADDR394,CUST394,2108 Judy Plain,South Briantown,49975,Niger
ADDR395,CUST395,7747 Mendoza Ports Apt. 748,Brownburgh,29945,Russian Federation
ADDR396,CUST396,791 Jason Loop Suite 765,North Jamesberg,58595,Guadeloupe
ADDR397,CUST397,6827 Michelle Inlet Suite 393,Smithmouth,24935,Israel
ADDR398,CUST398,691 Gary Street Apt. 868,North Robertview,10392,Brunei Darussalam
ADDR399,CUST399,8233 Rachel Meadow Apt. 169,Doylehaven,06619,Albania
ADDR400,CUST400,0668 Richard Orchard Suite 845,Barajasborough,56381,El Salvador
ADDR401,CUST401,0932 Mendez Center,North Meaganborough,92723,Pitcairn Islands
ADDR402,CUST402,91965 Brewer Vista,New Bridgetburgh,51976,Hungary
ADDR403,CUST403,454 Jennifer Motorway Apt. 066,Sweeneyfort,33645,Brazil
ADDR404,CUST404,330 Griffin Parkways Suite 334,Brianachester,19277,United States of America
ADDR405,CUST405,585 Sean Corners Apt. 185,West Annettefort,17041,French Polynesia
ADDR406,CUST406,9094 Dawn Dale,Lake Josephburgh,44191,Vietnam
ADDR407,CUST407,51398 Garcia Gardens Apt. 667,Reidmouth,51161,Cyprus
ADDR408,CUST408,821 Christopher Falls,New Susanbury,76904,Saint Kitts and Nevis
ADDR409,CUST409,953 Warren Overpass Suite 724,Joshuaborough,45426,Germany
ADDR410,CUST410,07028 Morgan Row,Lake Danielleton,86045,Venezuela
ADDR411,CUST411,130 Kevin Divide Suite 660,South Gabriel,97787,El Salvador
ADDR412,CUST412,3696 Wyatt Summit,Port Lisaborough,04801,Isle of Man
ADDR413,CUST413,4217 Julia Row,Lindseyland,44774,Botswana
ADDR414,CUST414,78331 Gabriela Ridge Apt. 834,North Christinabury,96305,Venezuela
ADDR415,CUST415,265 Palmer Ways Suite 215,Beverlyview,57618,Netherlands Antilles
ADDR416,CUST416,50370 Mccoy Crest Apt. 351,Clarketown,75895,Northern Mariana Islands
ADDR417,CUST417,845 Mary Grove,Lake Tammieburgh,52138,Austria
ADDR418,CUST418,3554 Stark Bridge Apt. 518,Lake Christinemouth,34544,Tanzania
ADDR419,CUST419,7459 Sarah Curve,South Leslie,33518,France
ADDR420,CUST420,13931 Camacho Mills Apt. 605,North Joshua,02771,Marshall Islands
ADDR421,CUST421,6220 Torres Junctions Suite 002,Port Vickiville,45630,Kenya
ADDR422,CUST422,435 Diane Park Suite 642,West Eric,16135,Cote d'Ivoire
ADDR423,CUST423,046 Ashley Fields,East Hunter,44440,Egypt
ADDR424,CUST424,586 Ramirez Views Suite 240,Port Richardbury,65381,Uganda
ADDR425,CUST425,7905 Charles Brook Apt. 945,New Amyfurt,03991,Guam
ADDR426,CUST426,54927 Freeman Loaf Apt. 761,Rubenport,25455,Lebanon
ADDR427,CUST427,95999 Black Knoll Suite 251,West Ambershire,88329,Trinidad and Tobago
ADDR428,CUST428,83514 Cuevas Rest,Edwardstown,34474,Senegal
ADDR429,CUST429,08729 Harrell Circle Apt. 765,West Briannamouth,76099,Benin
ADDR430,CUST430,9472 Gonzalez Curve,Courtneyland,99669,Korea
ADDR431,CUST431,9409 William Parkway Suite 140,New Corey,53569,Sierra Leone
ADDR432,CUST432,654 Long Lakes Suite 585,Jamesfurt,60235,Mexico
ADDR433,CUST433,788 Sherry Pass Apt. 601,South Tammieland,33743,Austria
ADDR434,CUST434,1388 Ashley Square,Lake Dean,94715,Timor-Leste
ADDR435,CUST435,58106 Matthew Summit,New Johnmouth,21639,Panama
ADDR436,CUST436,96884 Summer Common Suite 803,North Gary,41825,Cambodia
ADDR437,CUST437,150 Peggy Mountain,Katherinemouth,25013,South Africa
ADDR438,CUST438,7288 Aaron Mountain,Lake Diane,11012,Chad
ADDR439,CUST439,5293 Melissa Court,Emilyport,85622,Madagascar
ADDR440,CUST440,07653 Moore Stream,North Oliviashire,39431,Andorra
ADDR441,CUST441,208 Walter Canyon Apt. 703,East Chase,57766,Trinidad and Tobago
ADDR442,CUST442,661 Stone Street,South Teresa,41973,Indonesia
ADDR443,CUST443,323 Shannon Landing Suite 037,South Calvin,02919,Somalia
ADDR444,CUST444,57695 Webster Road Apt. 692,North Ronald,61226,Greenland
ADDR445,CUST445,520 Cole Skyway Apt. 593,Wolffort,20529,Bouvet Island (Bouvetoya)
ADDR446,CUST446,576 Jessica Terrace Suite 630,Johnsonfort,36530,Slovenia
ADDR447,CUST447,33716 Watson Motorway,Mckinneyland,56204,Singapore
ADDR448,CUST448,965 Wilson Gateway Apt. 029,Lanemouth,65475,Comoros
ADDR449,CUST449,5337 Sharon Street,North Krista,03772,Ecuador
ADDR450,CUST450,854 Jordan Shore,Georgehaven,14819,United States of America
ADDR451,CUST451,704 Dean Forks,Thomasport,75929,Guinea-Bissau
ADDR452,CUST452,90826 Perez Brooks,Lake Samuel,88288,Djibouti
ADDR453,CUST453,52801 Oneal Ridge Apt. 118,Wendychester,96517,Grenada
ADDR454,CUST454,7039 Beard Street,Jenniferberg,84824,Greenland
ADDR455,CUST455,925 Thompson Brooks Suite 327,Michealview,98253,Singapore
ADDR456,CUST456,0306 Randy Cape,Nicholastown,34462,Kiribati
ADDR457,CUST457,3290 Collins Mission,North Taylor,11056,Malaysia
ADDR458,CUST458,415 Nina Causeway,Port Leonardberg,73387,Haiti
ADDR459,CUST459,57254 Williams Run Apt. 084,South Sarahton,91045,Canada
ADDR460,CUST460,61100 Wilson Islands,West Kelli,00619,Guatemala
ADDR461,CUST461,23139 William Hill,Port Richard,54082,Moldova
ADDR462,CUST462,455 Lopez Estates Suite 185,South Adamshire,88242,Singapore
ADDR463,CUST463,30797 Jennifer Skyway Suite 370,West Corey,75249,Nicaragua
ADDR464,CUST464,4350 Bass Tunnel Suite 112,South Melissashire,46741,Nicaragua
ADDR465,CUST465,2310 Dixon Course Suite 107,South Joshua,80527,Cameroon
ADDR466,CUST466,263 Claudia Path Apt. 741,Michaelstad,81868,Lithuania
ADDR467,CUST467,46699 Rogers Tunnel Apt. 142,Nealside,58308,Netherlands Antilles
ADDR468,CUST468,126 Murillo Lakes Suite 695,Lake Christopherhaven,81732,Guinea-Bissau
ADDR469,CUST469,024 Clark Field Apt. 998,North Amberchester,70941,Bouvet Island (Bouvetoya)
ADDR470,CUST470,2115 Donald Freeway,Port Stephanieport,21817,Cocos (Keeling) Islands
ADDR471,CUST471,249 Kelli Corners,Bellstad,28066,Belize
ADDR472,CUST472,04315 Dennis Curve,Ericaborough,52796,North Macedonia
ADDR473,CUST473,789 Patrick Pine Suite 125,West Sherri,80611,Mayotte
ADDR474,CUST474,931 Cabrera Club,Manuelberg,13674,Guam
ADDR475,CUST475,69646 Tracy Circle,West Juan,15430,French Polynesia
ADDR476,CUST476,18582 Dixon Trafficway,West Jeffrey,07763,Gabon
ADDR477,CUST477,475 Pruitt Road Apt. 691,New William,56875,Maldives
ADDR478,CUST478,18689 Kevin Flats Suite 332,New Kennethfurt,01649,Myanmar
ADDR479,CUST479,65160 Knox Pike,Clarencefurt,77678,Bolivia
ADDR480,CUST480,0859 Garcia Fords Apt. 297,Leslieton,77840,Anguilla
ADDR481,CUST481,882 Campbell Lakes Suite 264,Taraland,56067,Argentina
ADDR482,CUST482,5052 Marc Springs Apt. 965,West Sarah,46850,Falkland Islands (Malvinas)
ADDR483,CUST483,159 Smith Station Apt. 288,North Christopherhaven,63784,Bulgaria
ADDR484,CUST484,73389 Martinez Prairie,East Michael,34237,Samoa
ADDR485,CUST485,56899 King Via,Cabrerafurt,77233,Somalia
ADDR486,CUST486,49378 Roberson Trace Apt. 815,Mendozamouth,51119,Egypt
ADDR487,CUST487,5560 Cruz Spring,Port Tyler,92202,Spain
ADDR488,CUST488,35065 Christopher Cove,Andreachester,35197,Pakistan
ADDR489,CUST489,5826 Morgan Club Suite 245,Robertbury,72223,Poland
ADDR490,CUST490,014 Kim Flats,Lake Andre,86071,Jamaica
ADDR491,CUST491,959 Holmes Unions,Rodriguezfort,80609,Marshall Islands
ADDR492,CUST492,26773 Kayla Wall,Port Mitchellfort,45953,Barbados
ADDR493,CUST493,42304 Patricia Island,South Scott,37864,Australia
ADDR494,CUST494,22915 Grant Street Suite 074,North Ashley,34551,Korea
ADDR495,CUST495,71634 Collins Motorway Apt. 163,Jenkinstown,26436,Equatorial Guinea
ADDR496,CUST496,10356 Lewis Field,Jennymouth,93082,Saint Martin
ADDR497,CUST497,69319 Lee Trail,Coopermouth,55815,Barbados
ADDR498,CUST498,8311 Eric Center Suite 125,East Debraberg,10369,Latvia
ADDR499,CUST499,7936 Mark Neck,West Cameron,96520,Belarus
ADDR500,CUST500,458 Elizabeth Mission Suite 363,Paigeton,52051,Saint Kitts and Nevis
ADDR501,CUST501,651 Figueroa Road Suite 642,West Paulastad,65870,Cyprus
ADDR502,CUST502,60011 Wilson Light Apt. 737,Hillstad,25456,Egypt
ADDR503,CUST503,5679 Jennifer Village,North Angelicaville,94726,Burkina Faso
ADDR504,CUST504,058 Brianna Village,North Melissaport,84784,Nauru
ADDR505,CUST505,737 Gonzales Orchard,Hallbury,50244,Indonesia
ADDR506,CUST506,6995 Tara Manors Apt. 421,West Amystad,80650,British Virgin Islands
ADDR507,CUST507,5800 Erica Route Apt. 627,Lake Saramouth,83133,Tokelau
ADDR508,CUST508,784 Steven Well Suite 158,Figueroashire,28629,Nauru
ADDR509,CUST509,18752 Colleen Coves,North Elizabeth,30561,Togo
ADDR510,CUST510,10783 Williams Loop Suite 685,Lake Andrewtown,57299,Congo
ADDR511,CUST511,81964 Dennis Mission Apt. 217,Grahamport,39088,United Arab Emirates
ADDR512,CUST512,44769 Allen Plain Apt. 250,East Kimberly,67018,Ghana
ADDR513,CUST513,1550 Samuel Extensions,Jasonbury,50726,Niger
ADDR514,CUST514,5699 Scott Stravenue Suite 140,Port Paul,03443,Lebanon
ADDR515,CUST515,003 Alicia Mountains Apt. 320,Espinozahaven,71788,Rwanda
ADDR516,CUST516,258 Walker Prairie Suite 641,South Christophermouth,57478,Honduras
ADDR517,CUST517,33278 Sherri Pine Suite 169,New Eric,60468,Tajikistan
ADDR518,CUST518,5741 Zimmerman Throughway Suite 749,Port Tannerburgh,69582,Western Sahara
ADDR519,CUST519,39544 Norman Hollow Suite 492,Port Lisa,93162,Libyan Arab Jamahiriya
ADDR520,CUST520,101 Compton Bridge,Wernerberg,85579,Holy See (Vatican City State)
ADDR521,CUST521,2552 Allen Village Apt. 640,Kennethberg,14952,Iraq
ADDR522,CUST522,05406 Flowers Ports,Hartmantown,60854,Jamaica
ADDR523,CUST523,027 Brown Plain,Gregoryton,87164,Gabon
ADDR524,CUST524,947 Finley Corner,Stephenfurt,27343,Lesotho
ADDR525,CUST525,185 Sydney Trail,Henryburgh,35347,Mexico
ADDR526,CUST526,70198 Bennett Locks Apt. 069,Port Megan,52684,Guyana
ADDR527,CUST527,2009 Hamilton Course Suite 349,Jonesport,83994,Norway
ADDR528,CUST528,530 Abigail Plaza,Jenniferfurt,90641,Tokelau
ADDR529,CUST529,75003 Caleb Skyway,South Ashleyberg,67289,Antigua and Barbuda
ADDR530,CUST530,46664 Compton Lake,West Joseph,77169,Indonesia
ADDR531,CUST531,2706 Deleon Stream,Lake Janice,28032,Moldova
ADDR532,CUST532,484 Edwin Plaza,North Charlesport,80852,Guernsey
ADDR533,CUST533,7244 Johnny Union Suite 344,Lake Annafort,64099,Tonga
ADDR534,CUST534,3372 Larsen Street Suite 951,Jayshire,68229,Guam
ADDR535,CUST535,42680 Deleon Lock,Port Jaclynstad,97749,Timor-Leste
ADDR536,CUST536,4933 Debra Lodge Apt. 120,Fernandohaven,97337,South Georgia and the South Sandwich Islands
ADDR537,CUST537,414 Cheryl Spur,Smithview,02836,Netherlands
ADDR538,CUST538,91020 Rebecca Drive,Sandraland,89237,French Polynesia
ADDR539,CUST539,91240 Pena Cape,Lucaschester,82241,Poland
ADDR540,CUST540,5363 Tracy Oval Apt. 084,Sarahport,39786,Benin
ADDR541,CUST541,657 Morris Mount Suite 619,New Joshua,60516,Sudan
ADDR542,CUST542,55251 Ortiz Centers,Richardchester,49896,Guadeloupe
ADDR543,CUST543,078 Wagner Forge Suite 605,Samanthamouth,90202,Bolivia
ADDR544,CUST544,05211 Theresa Burg Apt. 964,Franklintown,44896,Anguilla
ADDR545,CUST545,960 Erin Row Suite 596,Harringtonhaven,30902,Fiji
ADDR546,CUST546,31764 Stephanie Motorway,Elaineberg,22078,Kenya
ADDR547,CUST547,9584 Tucker Streets Apt. 685,Nelsonstad,13591,Libyan Arab Jamahiriya
ADDR548,CUST548,360 Michael Divide Apt. 063,Port Benjaminfurt,69367,Oman
ADDR549,CUST549,94214 Dixon Walks Apt. 598,New Rhonda,50219,Uruguay
ADDR550,CUST550,8629 Nicholas Drive,Mccarthybury,83794,Mongolia
ADDR551,CUST551,543 Rubio Wall,Kathleenhaven,96881,Rwanda
ADDR552,CUST552,6275 Kelly Manor Apt. 861,North Garrett,61491,Bangladesh
ADDR553,CUST553,2119 Tammy Road,West Lindsay,24133,New Caledonia
ADDR554,CUST554,887 Shaun Village Apt. 919,Tyroneton,45756,Honduras
ADDR555,CUST555,67320 Nicholas Parkways Apt. 221,Sanchezberg,21839,Ghana
ADDR556,CUST556,34785 Katherine Lock Suite 072,Port Gabriela,30350,Kenya
ADDR557,CUST557,813 Krista Valley Apt. 300,Andreaton,04273,Central African Republic
ADDR558,CUST558,77056 Jacob Springs,Reynoldsstad,65363,Central African Republic
ADDR559,CUST559,3530 Samantha Tunnel,Mooreside,66670,French Guiana
ADDR560,CUST560,161 Johnson Mission Apt. 583,Port Angela,09041,Mozambique
ADDR561,CUST561,78840 Karen Spur Apt. 423,Benjaminstad,74806,Sao Tome and Principe
ADDR562,CUST562,5111 William Lakes,Sanchezchester,33485,Netherlands Antilles
ADDR563,CUST563,29289 Dawson Pass Suite 287,Port Kristinaton,88453,Mexico
ADDR564,CUST564,314 Coleman Ford Apt. 848,South Darrenville,74976,Nigeria
ADDR565,CUST565,37971 Robert Manors,Samanthatown,77386,Palau
ADDR566,CUST566,4151 Jones Forest Apt. 054,Carmenshire,74328,British Indian Ocean Territory (Chagos Archipelago)
ADDR567,CUST567,61895 Shannon Rest,Kathleenberg,48538,Slovakia (Slovak Republic)
ADDR568,CUST568,6314 Harris Fall,Port Dennis,98887,Pakistan
ADDR569,CUST569,568 Rodgers Street Suite 711,Christineside,70105,Israel
ADDR570,CUST570,142 Khan Ford Suite 097,Adrienneport,35740,Tokelau
ADDR571,CUST571,55371 Rivera Row,East Brianberg,59333,Cayman Islands
ADDR572,CUST572,81529 Patricia Gardens,Brandonchester,65103,Nauru
ADDR573,CUST573,2406 Lewis Land Suite 464,Grahamland,49377,Kazakhstan
ADDR574,CUST574,74896 Pace Trace,Michaeltown,17221,British Indian Ocean Territory (Chagos Archipelago)
ADDR575,CUST575,1014 Doyle Lock Suite 015,Reginaldshire,06685,Swaziland
ADDR576,CUST576,77616 Curtis Forest,Kentland,34133,India
ADDR577,CUST577,5339 Jennifer Locks,Connorfort,63298,Vanuatu
ADDR578,CUST578,82118 Henderson Cove,Lake Eric,32419,United States Virgin Islands
ADDR579,CUST579,9848 Tran Street,West Paulchester,00956,Timor-Leste
ADDR580,CUST580,531 Richard Forges,Reedville,54963,Bahrain
ADDR581,CUST581,354 Perry Falls,Catherinechester,53209,South Africa
ADDR582,CUST582,779 Savannah Mountain Suite 389,Lake Patricia,72953,Falkland Islands (Malvinas)
ADDR583,CUST583,44667 Hinton Lakes Apt. 974,Christinashire,87675,Norfolk Island
ADDR584,CUST584,77354 Ryan Ford Apt. 213,West Steventon,45360,Lao People's Democratic Republic
ADDR585,CUST585,767 Julie Ramp,Prestonport,40409,Indonesia
ADDR586,CUST586,719 Kelly Dam Suite 462,Donnachester,86517,Jersey
ADDR587,CUST587,69173 Hernandez Skyway Suite 112,West Ryan,05486,Netherlands Antilles
ADDR588,CUST588,840 Jeanne Spring,West Anita,10238,Uzbekistan
ADDR589,CUST589,169 Pierce Freeway Apt. 598,Cynthiachester,55893,Saudi Arabia
ADDR590,CUST590,7885 Barber Ranch Apt. 214,North Taylorland,54859,Myanmar
ADDR591,CUST591,3480 Deborah Harbor Apt. 574,Lake Crystal,56906,Jordan
ADDR592,CUST592,56298 Mitchell Lodge,Mollyville,50394,United States Virgin Islands
ADDR593,CUST593,19902 Clay Knoll,Stephaniefurt,53665,Cocos (Keeling) Islands
ADDR594,CUST594,6627 Rodriguez Mill,North Gregorytown,14407,Japan
ADDR595,CUST595,13676 Elliott Extension,South Jeffreyview,84426,American Samoa
ADDR596,CUST596,6628 Carl Lane,Lake Lawrence,87902,Saint Pierre and Miquelon
ADDR597,CUST597,629 Donna Squares Suite 830,North Christinafort,05581,Barbados
ADDR598,CUST598,988 Tiffany Bridge,Andreaport,30475,Yemen
ADDR599,CUST599,547 Vaughan Mews Suite 323,Scottmouth,76835,Saint Kitts and Nevis
ADDR600,CUST600,859 John Port Suite 865,Christon,29657,Malta
ADDR601,CUST601,743 Maria Cape,Snydertown,93065,Benin
ADDR602,CUST602,28096 Lindsey River,Thomasburgh,14749,Northern Mariana Islands
ADDR603,CUST603,5117 Samantha Fort Apt. 143,North Cherylburgh,89401,Pitcairn Islands
ADDR604,CUST604,9539 Jacob Plains Suite 821,South Mercedes,33297,Brazil
ADDR605,CUST605,870 Garcia Streets Suite 194,North Amanda,40898,Mexico
ADDR606,CUST606,702 Guerrero Glen,West Elizabethton,54690,El Salvador
ADDR607,CUST607,94188 Christopher Avenue,Port Katherineberg,24742,Guatemala
ADDR608,CUST608,011 Carol Camp Suite 812,South Danielleland,03636,Norfolk Island
ADDR609,CUST609,344 Hoover Lights Apt. 902,Taylorberg,32827,Burundi
ADDR610,CUST610,162 Justin Parks Apt. 443,East Victoriachester,18123,Uruguay
ADDR611,CUST611,0517 Brittany Spring,Parsonsfort,88308,Saint Kitts and Nevis
ADDR612,CUST612,27204 Rebecca Track,New Gabrielle,69845,Western Sahara
ADDR613,CUST613,30721 Riley Mount Apt. 509,Aguilarside,66079,Albania
ADDR614,CUST614,5292 Sherry Stream Apt. 259,South Sandraville,01012,Papua New Guinea
ADDR615,CUST615,0878 Laura Greens,New Teresafort,28496,Poland
ADDR616,CUST616,4431 Cassandra Club,East Michelleville,01431,Fiji
ADDR617,CUST617,31763 Dalton Mount Suite 299,Marquezshire,36410,Slovakia (Slovak Republic)
ADDR618,CUST618,83519 Elliott Views,Hodgeston,09506,Thailand
ADDR619,CUST619,0917 Watson Drive,Townsendstad,31288,Guernsey
ADDR620,CUST620,2808 John Divide,Henryville,46235,Sudan
ADDR621,CUST621,1041 Smith Inlet,Wadestad,05415,Monaco
ADDR622,CUST622,92459 Shawn Prairie Suite 276,Lake Kyle,98486,Suriname
ADDR623,CUST623,359 Sandra Course,Shieldshaven,10349,Croatia
ADDR624,CUST624,23674 Mckee Terrace Apt. 642,North Lisa,64149,French Southern Territories
ADDR625,CUST625,85139 Paul Forge Suite 710,Joshuachester,99353,Morocco
ADDR626,CUST626,9841 Guerrero Glen Suite 164,New Frankview,32341,French Guiana
ADDR627,CUST627,81984 Glover Mission,Port Matthew,06039,Dominica
ADDR628,CUST628,517 Dickson Run,South Jennytown,05167,Cayman Islands
ADDR629,CUST629,880 Ward Mountain Apt. 248,New Trevor,99441,Switzerland
ADDR630,CUST630,82357 Chloe Mill Apt. 490,Lake Tammy,20390,Central African Republic
ADDR631,CUST631,2907 Porter Ports,Johnsonland,61843,Uzbekistan
ADDR632,CUST632,577 Samuel Drive,South Kathryn,36159,United Arab Emirates
ADDR633,CUST633,683 Nicole Plaza Apt. 718,North Jennifer,96658,Jamaica
ADDR634,CUST634,728 Brooks Falls Suite 102,West Jessica,69412,Saint Vincent and the Grenadines
ADDR635,CUST635,27694 Pearson Dam,Samanthaview,86161,Ukraine
ADDR636,CUST636,6628 Brown Villages,East Rachelmouth,47216,Seychelles
ADDR637,CUST637,4655 Espinoza Road,North Ryan,42071,Hungary
ADDR638,CUST638,2770 Hannah Gardens,Lake Anthonyville,26730,Chad
ADDR639,CUST639,0278 Cline Hollow,Joshuaview,21387,Mexico
ADDR640,CUST640,45243 Jones Circle,Ashleystad,80394,Canada
ADDR641,CUST641,466 Simmons Terrace,Cynthiaville,14562,Palau
ADDR642,CUST642,9207 Ryan Views,South Kennethshire,64896,Guadeloupe
ADDR643,CUST643,3106 Wayne Manors,West Jacquelinehaven,55977,Jamaica
ADDR644,CUST644,4795 Madeline Flats,South Jason,20826,Colombia
ADDR645,CUST645,8570 Kristen Ranch,North Jennifer,87734,Guadeloupe
ADDR646,CUST646,136 Robert Common,Port Mariah,47391,Gambia
ADDR647,CUST647,1841 Palmer Underpass Suite 324,Port Georgeborough,79833,Saint Barthelemy
ADDR648,CUST648,207 Deanna Port Apt. 303,North Katherinetown,40504,Czech Republic
ADDR649,CUST649,098 Rogers Way,Ronaldfurt,16372,Poland
ADDR650,CUST650,275 Joseph Village,North Melvin,95480,Bosnia and Herzegovina
ADDR651,CUST651,199 Mandy Cape,Barbaraton,64249,Sao Tome and Principe
ADDR652,CUST652,34390 Jessica Trafficway,Arnoldburgh,94375,Timor-Leste
ADDR653,CUST653,2617 Bradshaw Island Suite 313,Scottmouth,36427,Ethiopia
ADDR654,CUST654,4812 Willis Lakes,East Carlos,74538,Gibraltar
ADDR655,CUST655,46747 Moore Ford,New Nancyside,79711,Norfolk Island
ADDR656,CUST656,358 Sanders Plaza,New Angela,94437,Egypt
ADDR657,CUST657,162 Lee Pass,North Gregoryview,57482,Greece
ADDR658,CUST658,25433 Christopher Expressway,West Robertburgh,64211,Papua New Guinea
ADDR659,CUST659,7150 Amy Harbors,Lake Tommy,32593,Romania
ADDR660,CUST660,8970 Jennifer Path Suite 335,Wallacemouth,87031,Malaysia
ADDR661,CUST661,49702 Simon Curve Suite 158,Terriland,83638,Uzbekistan
ADDR662,CUST662,17290 Brian Ferry Apt. 638,Jenniferville,38862,Benin
ADDR663,CUST663,7254 Mendoza Shoal,New Jason,13210,Djibouti
ADDR664,CUST664,31786 Graves Square,East Sharon,43259,Netherlands
ADDR665,CUST665,6300 Hunter Oval Suite 812,South Craigville,86211,Christmas Island
ADDR666,CUST666,956 Nelson Harbors,Whitestad,98018,Swaziland
ADDR667,CUST667,41810 Garcia Roads Suite 441,New Briantown,54386,Jersey
ADDR668,CUST668,2082 Williamson Cliffs,Port Caseychester,07078,Ethiopia
ADDR669,CUST669,40618 David Corner,North Laura,20291,Congo
ADDR670,CUST670,125 Nicholas Lodge,West Jamestown,44325,India
ADDR671,CUST671,024 Tara Freeway,Harringtonport,03801,Colombia
ADDR672,CUST672,0624 Craig Wall Suite 934,Lake Angelafort,47957,Gibraltar
ADDR673,CUST673,9159 Richard Trafficway Suite 985,Scottport,33066,Maldives
ADDR674,CUST674,18138 Rodriguez Court,New Jamesberg,99377,South Africa
ADDR675,CUST675,849 Misty Forks,Port Marcus,37612,Moldova
ADDR676,CUST676,63983 Miguel Meadow Suite 259,New Maria,82055,Papua New Guinea
ADDR677,CUST677,1019 Travis Wall,Reedmouth,70559,Togo
ADDR678,CUST678,320 Brian Spurs Suite 346,Raymondside,76782,Hungary
ADDR679,CUST679,945 Ferguson Hill,Jasonland,38286,Israel
ADDR680,CUST680,0650 Linda Mountains,Port Stephen,09416,Benin
ADDR681,CUST681,831 Taylor Curve Suite 546,North Krystalmouth,63701,Nicaragua
ADDR682,CUST682,993 Davis Islands,Smithhaven,25036,Australia
ADDR683,CUST683,4412 Jacob Vista Suite 690,Frederickmouth,81378,Netherlands
ADDR684,CUST684,2186 Kenneth Fork Suite 753,West Diane,85059,Saint Helena
ADDR685,CUST685,254 Amber Camp Apt. 854,Kevinhaven,64211,United Kingdom
ADDR686,CUST686,85206 Tran Burg,Robertsview,71294,Vanuatu
ADDR687,CUST687,76604 Floyd Point,East Cassandraton,61946,Sierra Leone
ADDR688,CUST688,3868 Shelton Village Apt. 964,Randallstad,55151,Slovenia
ADDR689,CUST689,23558 Christopher Tunnel,Brandonshire,32846,United Kingdom
ADDR690,CUST690,17118 Michael Parkway,New Josephfort,05743,San Marino
ADDR691,CUST691,3778 Ball Meadows Apt. 223,Lake Glen,45330,Pakistan
ADDR692,CUST692,103 Peters Bypass,Port Jennifer,48474,Saudi Arabia
ADDR693,CUST693,912 Williams Stream Apt. 203,East Brandonshire,83270,Korea
ADDR694,CUST694,6173 Hicks Estates,Marcland,42435,Mali
ADDR695,CUST695,2999 Mary Mountain Apt. 770,Kristenville,62089,Guadeloupe
ADDR696,CUST696,4081 Meyer Walk,Port Kathryn,20596,United States Minor Outlying Islands
ADDR697,CUST697,479 White Radial Suite 726,South Lauren,13746,Monaco
ADDR698,CUST698,445 Stevens Key Suite 838,West Christopher,64166,China
ADDR699,CUST699,41661 Phillips Circles Apt. 715,New Jennytown,83599,Cyprus
ADDR700,CUST700,77708 Shelby Manor,Foleystad,04058,Timor-Leste
ADDR701,CUST701,31803 Nelson Extension,Williamsfurt,15359,Djibouti
ADDR702,CUST702,54922 Brittany Pass Suite 320,South Dianachester,31026,British Indian Ocean Territory (Chagos Archipelago)
ADDR703,CUST703,69349 Cheryl Field,West Bryanside,70126,France
ADDR704,CUST704,3644 Nicholas Parkways,Sampsonville,39593,Greenland
ADDR705,CUST705,463 Jenkins Rue,Carolside,49957,Mauritania
ADDR706,CUST706,067 Rachael Streets Apt. 362,Watkinsville,65331,Tunisia
ADDR707,CUST707,573 Alice Alley Apt. 834,Joshuamouth,36203,Pakistan
ADDR708,CUST708,19223 Davis Islands Apt. 184,West Alexander,12492,Morocco
ADDR709,CUST709,094 Arias Creek Suite 230,West Phillip,93258,Saint Martin
ADDR710,CUST710,049 Scott Vista,North Danielle,26114,Brazil
ADDR711,CUST711,56452 Thomas Rue Suite 105,Klinemouth,22896,Czech Republic
ADDR712,CUST712,529 Anderson Valleys,Taylorchester,83182,Saint Martin
ADDR713,CUST713,614 Day Inlet Suite 712,East Stephanie,04491,Vietnam
ADDR714,CUST714,3223 Bradley Fields Apt. 221,East Thomas,28653,Palau
ADDR715,CUST715,71317 Carter Hollow Suite 742,East Michaelchester,26153,Jordan
ADDR716,CUST716,14501 Anna Mall Apt. 302,Martinezshire,29238,Lao People's Democratic Republic
ADDR717,CUST717,207 Dennis Island Apt. 345,Andersonchester,69147,Guinea-Bissau
ADDR718,CUST718,9900 Paul Harbor Apt. 143,Derrickmouth,93285,Peru
ADDR719,CUST719,9498 Bell Mount,Port Jasminemouth,54897,Iran
ADDR720,CUST720,068 Villa Junction,Bennettmouth,42606,Jersey
ADDR721,CUST721,84452 Moses Hollow Apt. 800,New Ianbury,40974,Cape Verde
ADDR722,CUST722,86464 William Parkways,Kingchester,49378,South Georgia and the South Sandwich Islands
ADDR723,CUST723,0642 Mathew Mall,West Theresaport,00980,Saint Vincent and the Grenadines
ADDR724,CUST724,41500 Cooper Street,Martinezburgh,15971,Algeria
ADDR725,CUST725,21959 Velez Greens,Lambertchester,37203,Fiji
ADDR726,CUST726,88305 Anderson Ramp Apt. 166,Jerryfort,86679,Chad
ADDR727,CUST727,5962 Mitchell Branch Apt. 298,North Teresa,86115,France
ADDR728,CUST728,926 Edwards Drive Suite 863,Ivanhaven,26898,Myanmar
ADDR729,CUST729,9299 Derrick Tunnel,Thompsonton,18432,Wallis and Futuna
ADDR730,CUST730,445 Roberts Loop Apt. 018,West Frank,41367,Rwanda
ADDR731,CUST731,1746 Johnson Circle Suite 264,New Kelsey,43134,Saudi Arabia
ADDR732,CUST732,49002 Howe Mountains Suite 608,West Davidmouth,63712,Bangladesh
ADDR733,CUST733,443 Scott Land Apt. 309,Wrightbury,49012,Nepal
ADDR734,CUST734,972 Emily Hollow,Alvinhaven,29072,Brazil
ADDR735,CUST735,7447 Bentley Summit Suite 438,Brianfurt,21364,Thailand
ADDR736,CUST736,3516 Martinez Field Suite 365,Jennifermouth,52810,Angola
ADDR737,CUST737,5377 John Loaf,Wesleybury,07710,Greenland
ADDR738,CUST738,659 Shaw Trafficway Apt. 991,Jadestad,87541,Israel
ADDR739,CUST739,1700 Butler Knolls,Levystad,18608,Kenya
ADDR740,CUST740,136 James Mill,Port Coltonstad,62090,Tuvalu
ADDR741,CUST741,12952 Wells Turnpike,North Raymondview,15263,Latvia
ADDR742,CUST742,46446 Margaret Streets,West David,43178,Saudi Arabia
ADDR743,CUST743,8901 David Corners Apt. 601,Peterhaven,58182,Samoa
ADDR744,CUST744,87289 Evan Summit,Melissaton,91658,Colombia
ADDR745,CUST745,07303 Lambert Harbor Suite 852,Millerbury,35520,Philippines
ADDR746,CUST746,424 Tapia Isle,West Davidport,06466,Paraguay
ADDR747,CUST747,7675 Lorraine Squares,Rebeccaport,91576,Suriname
ADDR748,CUST748,20508 Hurley Club Suite 565,New Virginia,10582,Christmas Island
ADDR749,CUST749,44243 Kevin Roads Apt. 089,Thompsonport,78736,Yemen
ADDR750,CUST750,248 Gloria Prairie Apt. 867,East Emily,01133,Saint Helena
ADDR751,CUST751,7103 Martin Path Apt. 599,Port Kyleburgh,32237,Montserrat
ADDR752,CUST752,421 Stephenson Divide Suite 385,West Nicholasfurt,47910,Palestinian Territory
ADDR753,CUST753,7755 Spencer Ville,Lake Elizabethland,13963,Hong Kong
ADDR754,CUST754,471 Morris Avenue Suite 847,Victoriaborough,53840,Peru
ADDR755,CUST755,10896 Beck Greens,Mcleanbury,72971,Iran
ADDR756,CUST756,3448 Nicholas Courts Suite 603,Lake David,30979,Lithuania
ADDR757,CUST757,80591 Ann Knoll Apt. 839,Leslieview,50344,Central African Republic
ADDR758,CUST758,89485 Velazquez Brook,Haydenview,67671,Mozambique
ADDR759,CUST759,972 Stanley Inlet,Port Ryan,58066,Ethiopia
ADDR760,CUST760,2387 Hernandez Loaf,Lake Taraton,54486,Cameroon
ADDR761,CUST761,7137 Michelle Vista Suite 619,Pamelaville,93471,Japan
ADDR762,CUST762,05174 Frank Mountain,New Jamie,19560,Tanzania
ADDR763,CUST763,9170 Collins Burg,Yolandafort,73556,Zambia
ADDR764,CUST764,75144 Duke Lane,Port Lindaberg,92364,Wallis and Futuna
ADDR765,CUST765,9565 Erin Ramp Suite 612,Meghanshire,88052,Paraguay
ADDR766,CUST766,1836 Kelly Common Apt. 456,North Maryside,60991,Mongolia
ADDR767,CUST767,45895 Raymond Burg,West Jackson,95077,Uganda
ADDR768,CUST768,710 Benjamin Trafficway Suite 986,Lake Phillipbury,25440,Djibouti
ADDR769,CUST769,499 Drake Rue,Whiteport,49831,Saint Lucia
ADDR770,CUST770,2217 Ronald Views Apt. 326,Mitchellberg,08371,Philippines
ADDR771,CUST771,0134 Ford Shoals Suite 192,South Rachelside,38662,Holy See (Vatican City State)
ADDR772,CUST772,05139 Jasmine Villages,Robertside,60289,Latvia
ADDR773,CUST773,49339 Elizabeth Station Suite 065,West John,02452,Venezuela
ADDR774,CUST774,23643 Michele Pines,New Wendymouth,94899,Tunisia
ADDR775,CUST775,14216 Lee Mews Suite 640,North Charlesfort,97190,Netherlands
ADDR776,CUST776,933 Jimenez Field Suite 536,Reidmouth,83940,Namibia
ADDR777,CUST777,30571 Arroyo Fords Apt. 620,Jensenborough,53735,Vietnam
ADDR778,CUST778,144 Patrick Coves,Port Victoriamouth,02685,Lebanon
ADDR779,CUST779,10258 Ramirez Light,West Kennethborough,37683,Algeria
ADDR780,CUST780,93674 Chavez Track Apt. 597,Port Travisport,98190,Seychelles
ADDR781,CUST781,7626 Johnson Lake Apt. 837,Amandashire,69230,British Virgin Islands
ADDR782,CUST782,5109 Nichols Extension,Cathymouth,95624,Guatemala
ADDR783,CUST783,31689 Hurley Creek Suite 637,Cookview,31605,Swaziland
ADDR784,CUST784,88653 Watkins Dam,Allenberg,39503,Saint Vincent and the Grenadines
ADDR785,CUST785,19487 Matthew Points Apt. 382,Perryside,28824,Fiji
ADDR786,CUST786,464 Anderson Spur Suite 978,West Alyssa,71551,Taiwan
ADDR787,CUST787,56383 Walker Village Apt. 631,Cookton,74073,Tunisia
ADDR788,CUST788,8950 Reginald Square Apt. 674,Lake Janice,19765,Barbados
ADDR789,CUST789,21501 Henderson Gardens Suite 100,Amandashire,62137,Christmas Island
ADDR790,CUST790,26321 Jeffrey Pike Apt. 995,Wagnerchester,84072,Peru
ADDR791,CUST791,3497 Michele Neck Suite 961,South Aaron,91754,Afghanistan
ADDR792,CUST792,45441 Steven Trail,Port Annamouth,28628,Sudan
ADDR793,CUST793,602 Reese Branch Suite 867,West Samantha,33832,Afghanistan
ADDR794,CUST794,988 Moore Turnpike,South David,39303,Seychelles
ADDR795,CUST795,779 Gary Burgs,New Crystal,49746,Korea
ADDR796,CUST796,508 Davis Junction,East Denise,13246,Cambodia
ADDR797,CUST797,386 Sara Stream Apt. 021,West Juan,06866,Wallis and Futuna
ADDR798,CUST798,00015 Jason Island,North Emilyborough,82929,Netherlands
ADDR799,CUST799,764 Paula Valley Suite 450,Lake Alejandroborough,44870,Niue
ADDR800,CUST800,082 Sharon River Apt. 555,East Jennifer,60205,Zimbabwe
ADDR801,CUST801,747 Felicia Walk Apt. 503,Port Jeremy,40292,Sweden
ADDR802,CUST802,310 Morales Light Suite 329,Wilsonbury,83548,Kyrgyz Republic
ADDR803,CUST803,024 Myers Loop,Elizabethmouth,77734,Northern Mariana Islands
ADDR804,CUST804,163 Toni Square,Jeremyland,50425,Norway
ADDR805,CUST805,038 Perez Meadows,Sydneyfort,33243,Venezuela
ADDR806,CUST806,5711 Sarah Hill Apt. 278,North Kyle,17416,Somalia
ADDR807,CUST807,844 Kristopher Stream Suite 749,Johntown,92504,Serbia
ADDR808,CUST808,37945 Connie Causeway Apt. 501,North Christopherside,23799,Costa Rica
ADDR809,CUST809,20856 Timothy Ramp Suite 370,Haydenside,38933,Moldova
ADDR810,CUST810,4873 Kristen Cliffs,Lake Lisa,37922,Martinique
ADDR811,CUST811,55623 Tiffany Bypass Suite 648,Lorimouth,95818,Belize
ADDR812,CUST812,744 Joseph Pine,Port Davidton,79848,Sierra Leone
ADDR813,CUST813,528 Brianna Falls Suite 413,West Matthewside,95132,Cape Verde
ADDR814,CUST814,954 Warren Greens,Portershire,99465,Svalbard & Jan Mayen Islands
ADDR815,CUST815,35327 Webb Falls,North Gary,84326,Hungary
ADDR816,CUST816,8933 Campbell Tunnel Apt. 456,Hermanmouth,09287,Namibia
ADDR817,CUST817,8295 Melissa Stream,East Lisa,92394,Chile
ADDR818,CUST818,865 Brenda Shores Apt. 203,Port Paulachester,43678,Palau
ADDR819,CUST819,231 Katie Mountains,Port Bradley,80715,South Africa
ADDR820,CUST820,0039 Mitchell Road Suite 601,Brownburgh,80627,Sudan
ADDR821,CUST821,6429 Michael Corner,Brownmouth,70229,Denmark
ADDR822,CUST822,842 Sandra Locks,South Brandontown,97533,Norfolk Island
ADDR823,CUST823,11117 Davidson Forges,Briantown,73659,Central African Republic
ADDR824,CUST824,61859 Alexander Prairie Apt. 313,Hickmanburgh,75903,Kenya
ADDR825,CUST825,727 Ford Glen,West Jameshaven,58921,Swaziland
ADDR826,CUST826,38744 Erin Lakes,Wattsburgh,15591,Germany
ADDR827,CUST827,536 Aguilar Trace Apt. 740,South Gloriamouth,05272,Lebanon
ADDR828,CUST828,7657 Lisa Freeway,Sergiofort,29430,Bolivia
ADDR829,CUST829,1122 Joseph Manor,Port Carla,17225,Djibouti
ADDR830,CUST830,9250 Munoz Shoals,Port Connie,99261,Romania
ADDR831,CUST831,153 Peter Park,South Patrickstad,06363,Portugal
ADDR832,CUST832,452 Stephen Flats,Chambersmouth,46971,Martinique
ADDR833,CUST833,721 Regina Parks Apt. 725,Port Loriside,60530,Australia
ADDR834,CUST834,066 Blankenship Ridge,North Kristenchester,02320,Burundi
ADDR835,CUST835,60884 William Center Suite 172,Margaretburgh,31035,Fiji
ADDR836,CUST836,58389 Holden Prairie Apt. 835,Port Ashley,63153,Singapore
ADDR837,CUST837,40529 Moore Shoal Suite 888,South Kathleen,03944,Eritrea
ADDR838,CUST838,181 Cross Falls Apt. 959,North Patrickhaven,81071,Rwanda
ADDR839,CUST839,9893 Watson Plains,Jonesmouth,30966,Mongolia
ADDR840,CUST840,8431 Seth Route Apt. 358,West Richard,15102,Nicaragua
ADDR841,CUST841,92683 Chavez Plaza Apt. 891,Michaelside,81042,Korea
ADDR842,CUST842,15467 Harmon Light Suite 146,Perezville,10414,Martinique
ADDR843,CUST843,178 Matthew Isle Suite 051,South Martin,42996,Iran
ADDR844,CUST844,77343 Curtis Trail,Hartport,60176,Eritrea
ADDR845,CUST845,899 Kramer Ridge Apt. 943,New Lindsayshire,47819,Chile
ADDR846,CUST846,46786 Cheryl Point Apt. 739,East James,37735,Niger
ADDR847,CUST847,293 Ryan Loaf,East Adam,58988,Japan
ADDR848,CUST848,1034 Freeman Harbor Apt. 223,North Rodneybury,27429,Tunisia
ADDR849,CUST849,7560 Rivera Point,New Alice,27903,Equatorial Guinea
ADDR850,CUST850,127 Bartlett Crossing,South Sara,17424,Norway
ADDR851,CUST851,10413 Lamb Via Apt. 001,Simonberg,94423,Japan
ADDR852,CUST852,051 Kendra Neck Suite 359,South Davidberg,08431,Venezuela
ADDR853,CUST853,97041 Camacho Wells,New Feliciaview,39655,French Southern Territories
ADDR854,CUST854,16085 Berg Shoals,Johnsonfurt,71708,Eritrea
ADDR855,CUST855,5059 Eric Harbor Apt. 909,North Patricia,35727,Bouvet Island (Bouvetoya)
ADDR856,CUST856,746 Kelly Views,Richardmouth,53535,Montenegro
ADDR857,CUST857,51136 Catherine Plain Suite 697,Marcusberg,64084,Guatemala
ADDR858,CUST858,62553 Walters Brook,East Antonioburgh,46447,Nepal
ADDR859,CUST859,2661 Shaw Grove Apt. 120,Larryside,71826,Monaco
ADDR860,CUST860,431 Huerta Oval Apt. 475,Port Andrewside,60292,United Kingdom
ADDR861,CUST861,605 Tiffany Plaza Suite 779,East Amanda,05704,Rwanda
ADDR862,CUST862,2454 Hughes Haven,Martinezmouth,23761,Ecuador
ADDR863,CUST863,8347 Joseph Isle,Weaverfurt,60438,Isle of Man
ADDR864,CUST864,415 Williams Wall Apt. 483,Hectorfort,50220,Gibraltar
ADDR865,CUST865,525 Robin Key,Brennanberg,10157,Germany
ADDR866,CUST866,306 Johnson Landing Apt. 312,Lake Rebekah,17456,Holy See (Vatican City State)
ADDR867,CUST867,8696 Mccullough Crest,North Sarah,49897,Tonga
ADDR868,CUST868,508 Kristen Court,West Erika,78767,Moldova
ADDR869,CUST869,07733 Brittney Centers,Solishaven,56957,Mozambique
ADDR870,CUST870,6893 Cochran Motorway Suite 163,Maddenport,09150,Poland
ADDR871,CUST871,99555 Austin Road,Port Daniel,89091,Ukraine
ADDR872,CUST872,81771 Scott Corners,Sarahhaven,37125,American Samoa
ADDR873,CUST873,5905 Donald Overpass Suite 852,East Kevinport,68786,Namibia
ADDR874,CUST874,531 Henry Mission Apt. 455,Smithfurt,60495,Bahrain
ADDR875,CUST875,52610 Joseph Shore,Gregoryborough,34375,Italy
ADDR876,CUST876,372 John Mount,Davidmouth,52617,Peru
ADDR877,CUST877,37580 Bryan Prairie Apt. 333,Rodrigueztown,62724,Kazakhstan
ADDR878,CUST878,1162 Nguyen Village,Lake Davidchester,50443,Puerto Rico
ADDR879,CUST879,15205 Dennis Hollow Apt. 061,Danielton,46281,Cote d'Ivoire
ADDR880,CUST880,430 Joshua Estates Suite 220,Mitchellfurt,77446,Brazil
ADDR881,CUST881,53467 Yolanda Village Apt. 027,Watsonhaven,32629,Norfolk Island
ADDR882,CUST882,37727 Richardson Ranch,North Brendafort,13867,Lesotho
ADDR883,CUST883,220 Porter Meadow Apt. 606,Lake Joshua,75730,Martinique
ADDR884,CUST884,533 Holly Radial,West Thomas,74414,El Salvador
ADDR885,CUST885,6643 Jordan Greens Suite 564,Port Austin,16011,Sudan
ADDR886,CUST886,59944 Jeffrey Way Apt. 118,Patrickchester,25926,Belize
ADDR887,CUST887,21777 Cooper Underpass,Jonesside,98961,Paraguay
ADDR888,CUST888,995 Kari Grove,Port Anne,25917,Montserrat
ADDR889,CUST889,934 Julie Freeway,North Holly,72280,Tajikistan
ADDR890,CUST890,5370 Hill Road Apt. 509,Port Elijahview,90246,Mozambique
ADDR891,CUST891,49407 Gonzalez Mills Suite 339,North Andrea,60197,Samoa
ADDR892,CUST892,60963 Torres Vista Apt. 763,West Austin,57843,Greenland
ADDR893,CUST893,9747 Jeremy Fork,Phamside,87252,Equatorial Guinea
ADDR894,CUST894,887 Smith Run,Sarabury,32433,Antigua and Barbuda
ADDR895,CUST895,654 Bell Lane Apt. 286,New Matthew,85925,Zimbabwe
ADDR896,CUST896,4763 Anne Radial Apt. 769,West Shelby,93877,Bouvet Island (Bouvetoya)
ADDR897,CUST897,446 Maria Turnpike Suite 379,Lake Brian,27556,Montserrat
ADDR898,CUST898,3849 Campos Square,Kellystad,29457,United States Minor Outlying Islands
ADDR899,CUST899,8302 Benjamin Trafficway Suite 170,Jonathanville,09016,Costa Rica
ADDR900,CUST900,8117 Sheri Fields,West Jacquelineburgh,68587,Germany
ADDR901,CUST901,240 Gina Common,North John,62540,Norfolk Island
ADDR902,CUST902,39228 Brooks Parkway,Carolynburgh,95017,Burundi
ADDR903,CUST903,304 Brian Walks,Kellyfurt,74468,Senegal
ADDR904,CUST904,110 Howard Parks,Lake Margaretport,41304,Bahamas
ADDR905,CUST905,2760 Stephen Lodge,Robinsonborough,94793,Wallis and Futuna
ADDR906,CUST906,708 Miller Light,South Kimberly,11375,Gabon
ADDR907,CUST907,969 Watts Route,Joyceview,16958,Saint Pierre and Miquelon
ADDR908,CUST908,4495 Maxwell Viaduct Suite 365,New Wendyfurt,66575,Korea
ADDR909,CUST909,844 Lindsey Roads,Swansonborough,41347,Fiji
ADDR910,CUST910,91399 Adam Pike Suite 432,West Jonathanmouth,57042,Sudan
ADDR911,CUST911,5441 Courtney Avenue Suite 566,East Summer,11233,Rwanda
ADDR912,CUST912,004 Miguel Valley Suite 455,Padillamouth,83818,Reunion
ADDR913,CUST913,86900 Robinson Curve Suite 173,Fisherburgh,04286,China
ADDR914,CUST914,96463 Lewis Keys,West Adrianburgh,32863,Mauritius
ADDR915,CUST915,3761 Davis Hill Apt. 544,Deborahview,63426,Bouvet Island (Bouvetoya)
ADDR916,CUST916,318 Johnson Land,New Rebeccaberg,94063,Heard Island and McDonald Islands
ADDR917,CUST917,2011 Sarah Isle Suite 952,Port Elizabeth,75018,Solomon Islands
ADDR918,CUST918,3781 Andrea Stravenue Apt. 596,Christyshire,38420,Anguilla
ADDR919,CUST919,62789 Craig Inlet,Lake Raymondton,27632,Bahrain
ADDR920,CUST920,486 Nicholson Fork,West Melissa,35841,China
ADDR921,CUST921,8610 Martin Shoal Apt. 182,Jeremiahside,80055,Cape Verde
ADDR922,CUST922,21690 Dana Villages Suite 340,Grahamfort,51918,Brazil
ADDR923,CUST923,0856 Christopher Park,New Latoyashire,75054,Mauritania
ADDR924,CUST924,78872 Amanda Fields,Port Austinland,55602,Namibia
ADDR925,CUST925,84332 Miller Trace Apt. 766,New Robert,11055,Martinique
ADDR926,CUST926,766 Kerr Meadow Suite 693,South Alan,21144,Dominican Republic
ADDR927,CUST927,0883 Raymond Course,Andrewsshire,37470,Dominica
ADDR928,CUST928,53420 Weber Ford Apt. 149,Oliverstad,10135,Italy
ADDR929,CUST929,79182 Felicia Rapid,South Shelia,38516,Saint Vincent and the Grenadines
ADDR930,CUST930,020 Keith Flat,Josephside,46458,Somalia
ADDR931,CUST931,268 Kevin Run Suite 166,Rodriguezberg,39162,Trinidad and Tobago
ADDR932,CUST932,7482 Karina Ports Suite 424,Blevinsberg,11893,Dominica
ADDR933,CUST933,21705 Kristina Summit,Meganton,90578,Pakistan
ADDR934,CUST934,4396 Ricky Squares Suite 334,Prattshire,95558,Colombia
ADDR935,CUST935,1756 Martinez Track,North Anthony,16827,Reunion
ADDR936,CUST936,33666 Harmon Springs Apt. 274,Markside,56073,Nigeria
ADDR937,CUST937,4095 Kane Ridge,New Kelseyville,13535,Wallis and Futuna
ADDR938,CUST938,58285 Rogers Canyon Suite 450,Lake Richardshire,29108,Belarus
ADDR939,CUST939,0997 Johnson Ports Suite 153,Troystad,85257,Antarctica (the territory South of 60 deg S)
ADDR940,CUST940,528 Melendez Plain Apt. 908,Smithchester,31204,New Caledonia
ADDR941,CUST941,86053 Chapman Manors,New Samanthashire,79099,Syrian Arab Republic
ADDR942,CUST942,1872 Pam Orchard,West Kyle,03755,Saint Pierre and Miquelon
ADDR943,CUST943,83542 Alexander Burgs,West Dennis,26130,Slovakia (Slovak Republic)
ADDR944,CUST944,51785 Taylor Parkways Apt. 087,Brownview,74577,Reunion
ADDR945,CUST945,2801 Kristopher Corners,East Noah,70733,Kazakhstan
ADDR946,CUST946,65248 Perry Neck,Pattonborough,57025,Taiwan
ADDR947,CUST947,91923 Steven Tunnel,Bryantfort,09426,Iceland
ADDR948,CUST948,94442 Nicole Via Apt. 262,Hunterville,84214,Austria
ADDR949,CUST949,9250 Cox Path Suite 131,Kimberlyhaven,14642,Cote d'Ivoire
ADDR950,CUST950,979 Norris Center,Lauraville,27573,British Virgin Islands
ADDR951,CUST951,21470 David Corners,Kevinton,93448,Senegal
ADDR952,CUST952,803 Robinson Turnpike,East Shaun,80348,Guam
ADDR953,CUST953,1273 Nathaniel Camp Suite 746,New Lauraburgh,16506,Saint Martin
ADDR954,CUST954,6237 Terrance Cliff,West Tammy,12586,Mexico
ADDR955,CUST955,49362 Schwartz Shoals Suite 153,Parkershire,56587,United States Virgin Islands
ADDR956,CUST956,55673 Jones Fork,Lowehaven,17801,Swaziland
ADDR957,CUST957,81044 Joyce Meadows Apt. 771,Smithmouth,03751,Italy
ADDR958,CUST958,61433 Knapp Junctions,Smithmouth,18250,Chad
ADDR959,CUST959,05303 Perkins Street,Amandaview,10683,Mozambique
ADDR960,CUST960,454 Taylor Plains,New Brianberg,51146,Cocos (Keeling) Islands
ADDR961,CUST961,216 Richard Trail,West Anthonyhaven,58786,Isle of Man
ADDR962,CUST962,706 Adams Lock Apt. 896,Finleytown,60653,Mongolia
ADDR963,CUST963,75969 Laura Tunnel,Evanston,14412,Uruguay
ADDR964,CUST964,18947 Lee Fork Suite 834,New Bethside,18682,Indonesia
ADDR965,CUST965,238 Hudson Manor,East Brianton,36432,Finland
ADDR966,CUST966,5299 Rice Point,Lawsonview,81148,Iran
ADDR967,CUST967,8122 Smith Rest,Port Catherine,62046,Togo
ADDR968,CUST968,92200 Kane Village,Dianefurt,41345,Georgia
ADDR969,CUST969,98055 Margaret Hollow Apt. 671,Phillipsberg,16261,Romania
ADDR970,CUST970,9198 Joseph Throughway Suite 070,Port Michael,56762,Mayotte
ADDR971,CUST971,89609 Angela Stravenue Suite 100,West Lisahaven,52810,Somalia
ADDR972,CUST972,95284 Olivia Shore Apt. 205,Lake Davidville,31651,Cook Islands
ADDR973,CUST973,87283 Campbell Gateway Apt. 129,North Glenton,33861,Saint Vincent and the Grenadines
ADDR974,CUST974,9479 Melissa Turnpike Suite 007,Randyside,82313,Macao
ADDR975,CUST975,28981 David Stravenue,Jimenezside,19706,Korea
ADDR976,CUST976,303 Crystal Extensions,New Kimberly,94293,Micronesia
ADDR977,CUST977,33295 Cheryl Islands,Toddchester,40207,Moldova
ADDR978,CUST978,8049 Heather Path Apt. 731,Johnsonfurt,77889,Seychelles
ADDR979,CUST979,6919 Ferrell Knoll Suite 673,Bookerton,55450,Ghana
ADDR980,CUST980,777 Daniel Station,East Melissa,55874,Cuba
ADDR981,CUST981,647 Gilbert Route,South Yesenia,22258,Seychelles
ADDR982,CUST982,057 Campbell Corner Apt. 268,Christopherbury,24351,Eritrea
ADDR983,CUST983,1160 Guerrero Estate,Emilytown,53377,Botswana
ADDR984,CUST984,73263 Denise Mission Suite 694,Robertborough,99157,Northern Mariana Islands
ADDR985,CUST985,34271 Karen Tunnel Apt. 978,Brownberg,47018,Paraguay
ADDR986,CUST986,208 Carrillo Shores,North John,96452,Guadeloupe
ADDR987,CUST987,982 Melanie Parkways Suite 834,Jacksonland,31914,Cocos (Keeling) Islands
ADDR988,CUST988,861 Todd Ridges,Connerville,59300,Sierra Leone
ADDR989,CUST989,007 Wayne Unions,West Jenniferhaven,60396,Guernsey
ADDR990,CUST990,6620 Vasquez Unions Suite 807,East Judithside,44897,Rwanda
ADDR991,CUST991,346 Garner Brook Suite 024,Dariusview,20877,Lesotho
ADDR992,CUST992,750 Kim Gateway,East Nicolebury,04757,South Georgia and the South Sandwich Islands
ADDR993,CUST993,9472 Cooper Junction Suite 073,West Nicole,09536,Lao People's Democratic Republic
ADDR994,CUST994,2869 Hood Garden,South Hannahton,94455,Vanuatu
ADDR995,CUST995,60226 Jennifer Village,Lake Brandi,75937,Madagascar
ADDR996,CUST996,052 Jared Creek,Lake Pamela,36713,Micronesia
ADDR997,CUST997,28469 Hurst Spurs Suite 777,New Garyborough,09743,United Arab Emirates
ADDR998,CUST998,6169 Mario Terrace,Tammystad,86966,New Caledonia
ADDR999,CUST999,6197 Kendra Village,North John,55782,Vietnam
ADDR1000,CUST1000,61364 Walker Station Suite 628,West Sarah,04018,Kenya
